Table Name,Column Name,Data Type,Is Nullable,Key (PRI/MUL),Extra,Notes/Comment
asset,branchid,varchar(3),YES,,,
asset,branchname,varchar(20),YES,,,
asset,companyid,varchar(3),YES,,,
asset,devicehh,varchar(12),YES,,,
asset,imei1,"decimal(16,0)",YES,,,
asset,imei2,"decimal(16,0)",YES,,,
asset,typehh,varchar(20),YES,,,
asset,employeeid,varchar(10),YES,,,
asset,segmen,varchar(20),YES,,,
asset,qtyhh,"decimal(3,0)",YES,,,
asset,conditionhh,varchar(20),YES,,,
asset,statushh,varchar(20),YES,,,
asset,devicethermal,varchar(20),YES,,,
asset,typethermal,varchar(20),YES,,,
asset,qtythermal,"decimal(3,0)",YES,,,
asset,conditionthermal,varchar(20),YES,,,
asset,statusthermal,varchar(20),YES,,,
asset,keterangan_hh,varchar(100),YES,,,
asset,keterangan_thermal,varchar(100),YES,,,
cash_image_ritase,id,int(11),NO,PRI,auto_increment,
cash_image_ritase,szdoc,varchar(50),NO,MUL,,
cash_image_ritase,szcompany,varchar(10),NO,,,
cash_image_ritase,sztanggal,date,NO,,,
cash_image_ritase,szbtbbiaya,varchar(50),NO,,,
cash_image_ritase,szbtbgudang,varchar(50),NO,,,
cash_image_ritase,szpath,varchar(500),NO,,,
cash_image_ritase,szuserupdated,varchar(100),NO,,,
cash_image_ritase,dtmupdated,datetime,NO,,on update CURRENT_TIMESTAMP,
cash_ritase,szbranchid,varchar(5),NO,,,
cash_ritase,szbranchname,varchar(50),NO,,,
cash_ritase,szsupplierid,varchar(20),NO,,,
cash_ritase,szsuppliername,varchar(50),NO,,,
cash_ritase,szproductid,varchar(10),NO,,,
cash_ritase,szProductname,varchar(50),NO,,,
cash_ritase,decqty,"decimal(10,0)",NO,,,
cash_ritase,decAmount,"decimal(10,0)",NO,,,
cash_ritase,dtmstarted,date,NO,,,
cash_ritase,dtmfinished,date,NO,,,
cash_ritase,description,varchar(50),NO,,,
cash_ritase,tol,varchar(10),NO,,,
cash_ritase,szcategory,varchar(20),YES,,,
cash_ritase,szpic,varchar(20),YES,,,
cash_ritase,szapproval,varchar(20),YES,,,
cash_ritase,szstatus,varchar(10),YES,,,
cash_ritase,pengambilan,varchar(20),YES,,,
cash_ritase,hash_key,char(32),NO,PRI,,
device_usage_reason,id,int(11),NO,PRI,auto_increment,
device_usage_reason,entitas,varchar(10),YES,MUL,,
device_usage_reason,branchid,varchar(50),YES,,,
device_usage_reason,devicehh,varchar(50),YES,,,
device_usage_reason,tanggal,date,YES,,,
device_usage_reason,reason,text,YES,,,
device_usage_reason,created_by,varchar(100),YES,,,
device_usage_reason,created_at,datetime,YES,,,
device_usage_reason,updated_by,varchar(100),YES,,,
device_usage_reason,updated_at,datetime,YES,,,
dms_ahs_log,iInternalId,int(10) unsigned,NO,PRI,auto_increment,
dms_ahs_log,iId,char(50),NO,PRI,,
dms_ahs_log,szDocId,varchar(50),NO,MUL,,
dms_ahs_log,szJsonText,mediumtext,NO,,,
dms_ahs_log,szBranchId,varchar(50),NO,,,
dms_ahs_log,bReceived,tinyint(4),NO,MUL,,
dms_ahs_log,dtmReceived,datetime,NO,MUL,,
dms_ahs_log,bPostReceived,tinyint(4),NO,MUL,,
dms_ahs_log,dtmPostReceived,datetime,NO,MUL,,
dms_ahs_log,szJsonPostReceived,mediumtext,NO,,,
dms_ahs_log,bSo,tinyint(4),NO,MUL,,
dms_ahs_log,dtmSo,datetime,NO,MUL,,
dms_ahs_log,bPostSo,tinyint(4),NO,MUL,,
dms_ahs_log,dtmPostSo,datetime,NO,MUL,,
dms_ahs_log,szJsonPostSo,mediumtext,NO,,,
dms_ahs_log,bDo,tinyint(4),NO,MUL,,
dms_ahs_log,dtmDo,datetime,NO,MUL,,
dms_ahs_log,bPostDo,tinyint(4),NO,MUL,,
dms_ahs_log,dtmPostDo,datetime,NO,,,
dms_ahs_log,szJsonPostDo,mediumtext,NO,,,
dms_ahs_log,szCustomerPOId,varchar(50),NO,MUL,,
dms_ahs_log,szCustomerSOId,varchar(50),NO,MUL,,
dms_ahs_log,szCustomerDOId,varchar(50),NO,MUL,,
dms_ahs_log,bError,tinyint(4),NO,MUL,,
dms_ahs_log,szError,mediumtext,NO,,,
dms_ahs_log,szUserCreatedId,varchar(20),NO,,,
dms_ahs_log,szUserUpdatedId,varchar(20),NO,,,
dms_ahs_log,dtmCreated,datetime,NO,,,
dms_ahs_log,dtmLastUpdated,datetime,NO,,,
dms_ap_supplier,iInternalId,int(10) unsigned,NO,PRI,auto_increment,
dms_ap_supplier,iId,char(50),NO,PRI,,
dms_ap_supplier,szId,varchar(50),NO,UNI,,
dms_ap_supplier,szName,varchar(50),NO,,,
dms_ap_supplier,szDescription,varchar(200),NO,,,
dms_ap_supplier,szUserCreatedId,varchar(20),NO,,,
dms_ap_supplier,szUserUpdatedId,varchar(20),NO,,,
dms_ap_supplier,dtmCreated,datetime,NO,,,
dms_ap_supplier,dtmLastUpdated,datetime,NO,,,
dms_ar_ar,iInternalId,int(10) unsigned,NO,PRI,auto_increment,
dms_ar_ar,iId,char(50),NO,PRI,,
dms_ar_ar,szCustomerId,varchar(50),NO,UNI,,
dms_ar_ar,decAmount,"decimal(18,4)",NO,,,
dms_ar_ar,szUserCreatedId,varchar(20),NO,,,
dms_ar_ar,szUserUpdatedId,varchar(20),NO,,,
dms_ar_ar,dtmCreated,datetime,NO,,,
dms_ar_ar,dtmLastUpdated,datetime,NO,,,
dms_ar_arhistory,iInternalId,int(10) unsigned,NO,PRI,auto_increment,
dms_ar_arhistory,iId,char(50),NO,PRI,,
dms_ar_arhistory,szTrnId,varchar(50),NO,MUL,,
dms_ar_arhistory,szDocId,varchar(50),NO,,,
dms_ar_arhistory,intItemNumber,int(10),NO,,,
dms_ar_arhistory,dtmDoc,datetime,NO,MUL,,
dms_ar_arhistory,dtmTransaction,datetime,NO,MUL,,
dms_ar_arhistory,decAmount,"decimal(18,4)",NO,,,
dms_ar_arhistory,szCustomerId,varchar(50),NO,MUL,,
dms_ar_arhistory,szInvoiceId,varchar(50),NO,MUL,,
dms_ar_arhistory,szDocType,varchar(10),NO,,,
dms_ar_arinvoice,iInternalId,int(10) unsigned,NO,PRI,auto_increment,
dms_ar_arinvoice,iId,char(50),NO,PRI,,
dms_ar_arinvoice,szDocId,varchar(50),NO,UNI,,
dms_ar_arinvoice,szInvoiceType,varchar(50),NO,,,
dms_ar_arinvoice,szCustomerId,varchar(50),NO,MUL,,
dms_ar_arinvoice,decAmount,"decimal(18,4)",NO,,,
dms_ar_arinvoice,decRemain,"decimal(18,4)",NO,,,
dms_ar_arinvoice,dtmDoc,datetime,NO,MUL,,
dms_ar_arinvoice,dtmDue,datetime,NO,MUL,,
dms_ar_arinvoice,dtmDuePrint,datetime,NO,MUL,,
dms_ar_arinvoice,bClosed,tinyint(3) unsigned,NO,MUL,,
dms_ar_arinvoice,bCash,tinyint(3) unsigned,NO,,,
dms_ar_arinvoice,dtmClosed,datetime,NO,MUL,,
dms_ar_arinvoice,szUserCreatedId,varchar(20),NO,,,
dms_ar_arinvoice,szUserUpdatedId,varchar(20),NO,,,
dms_ar_arinvoice,dtmCreated,datetime,NO,,,
dms_ar_arinvoice,dtmLastUpdated,datetime,NO,,,
dms_ar_customer,iInternalId,int(10) unsigned,NO,PRI,auto_increment,
dms_ar_customer,iId,char(50),NO,PRI,,
dms_ar_customer,szId,varchar(50),NO,UNI,,
dms_ar_customer,szName,varchar(50),NO,,,
dms_ar_customer,szDescription,varchar(200),NO,,,
dms_ar_customer,szHierarchyId,varchar(200),NO,MUL,,
dms_ar_customer,szHierarchyFull,varchar(1000),NO,,,
dms_ar_customer,szIDCard,varchar(50),NO,,,
dms_ar_customer,bHasDifferentCollectAddress,tinyint(3) unsigned,NO,,,
dms_ar_customer,szCode,varchar(50),NO,MUL,,
dms_ar_customer,szUserCreatedId,varchar(20),NO,,,
dms_ar_customer,szUserUpdatedId,varchar(20),NO,,,
dms_ar_customer,dtmCreated,datetime,NO,,,
dms_ar_customer,dtmLastUpdated,datetime,NO,,,
dms_ar_customer,szMCOId,varchar(50),NO,MUL,,
dms_ar_customer,szCustomerTypeId,varchar(50),NO,MUL,,
dms_ar_customercategory,iInternalId,int(10) unsigned,NO,PRI,auto_increment,
dms_ar_customercategory,iId,char(50),NO,PRI,,
dms_ar_customercategory,szId,varchar(50),NO,UNI,,
dms_ar_customercategory,szName,varchar(50),NO,,,
dms_ar_customercategory,szDescription,varchar(200),NO,,,
dms_ar_customercategory,szCategoryTypeId,varchar(50),NO,MUL,,
dms_ar_customercategory,szUserCreatedId,varchar(20),NO,,,
dms_ar_customercategory,szUserUpdatedId,varchar(20),NO,,,
dms_ar_customercategory,dtmCreated,datetime,NO,,,
dms_ar_customercategory,dtmLastUpdated,datetime,NO,,,
dms_ar_customercategorytype,iInternalId,int(10) unsigned,NO,PRI,auto_increment,
dms_ar_customercategorytype,iId,char(50),NO,PRI,,
dms_ar_customercategorytype,szId,varchar(50),NO,UNI,,
dms_ar_customercategorytype,szName,varchar(50),NO,,,
dms_ar_customercategorytype,szDescription,varchar(200),NO,,,
dms_ar_customercategorytype,szUserCreatedId,varchar(20),NO,,,
dms_ar_customercategorytype,szUserUpdatedId,varchar(20),NO,,,
dms_ar_customercategorytype,dtmCreated,datetime,NO,,,
dms_ar_customercategorytype,dtmLastUpdated,datetime,NO,,,
dms_ar_customercontract,iInternalId,int(10) unsigned,NO,PRI,auto_increment,
dms_ar_customercontract,iId,char(50),NO,PRI,,
dms_ar_customercontract,szId,varchar(50),NO,MUL,,
dms_ar_customercontract,intItemNumber,int(10),NO,,,
dms_ar_customercontract,szContractNo,varchar(50),NO,,,
dms_ar_customercontract,dtmContract,timestamp,NO,,on update CURRENT_TIMESTAMP,
dms_ar_customercontract,szContractDescription,text,NO,,,
dms_ar_customercontract,szUserCreatedId,varchar(20),NO,,,
dms_ar_customercontract,szUserUpdatedId,varchar(20),NO,,,
dms_ar_customercontract,dtmCreated,datetime,NO,,,
dms_ar_customercontract,dtmLastUpdated,datetime,NO,,,
dms_ar_customercontract,dtmContractEnd,datetime,NO,MUL,,
dms_ar_customerhierarchy,iInternalId,int(10) unsigned,NO,PRI,auto_increment,
dms_ar_customerhierarchy,iId,char(50),NO,PRI,,
dms_ar_customerhierarchy,szId,varchar(50),NO,UNI,,
dms_ar_customerhierarchy,szName,varchar(50),NO,,,
dms_ar_customerhierarchy,szDescription,varchar(200),NO,,,
dms_ar_customerhierarchy,szParentId,varchar(50),NO,MUL,,
dms_ar_customerhierarchy,szCode,varchar(50),NO,,,
dms_ar_customerhierarchy,szUserCreatedId,varchar(20),NO,,,
dms_ar_customerhierarchy,szUserUpdatedId,varchar(20),NO,,,
dms_ar_customerhierarchy,dtmCreated,datetime,NO,,,
dms_ar_customerhierarchy,dtmLastUpdated,datetime,NO,,,
dms_ar_customerhierarchy_2025,iInternalId,int(10) unsigned,NO,PRI,auto_increment,
dms_ar_customerhierarchy_2025,iId,char(50),NO,PRI,,
dms_ar_customerhierarchy_2025,szId,varchar(50),NO,UNI,,
dms_ar_customerhierarchy_2025,szName,varchar(50),NO,,,
dms_ar_customerhierarchy_2025,szDescription,varchar(200),NO,,,
dms_ar_customerhierarchy_2025,szParentId,varchar(50),NO,MUL,,
dms_ar_customerhierarchy_2025,szCode,varchar(50),NO,,,
dms_ar_customerhierarchy_2025,szUserCreatedId,varchar(20),NO,,,
dms_ar_customerhierarchy_2025,szUserUpdatedId,varchar(20),NO,,,
dms_ar_customerhierarchy_2025,dtmCreated,datetime,NO,,,
dms_ar_customerhierarchy_2025,dtmLastUpdated,datetime,NO,,,
dms_ar_customeritemcategory,iInternalId,int(10) unsigned,NO,PRI,auto_increment,
dms_ar_customeritemcategory,iId,char(50),NO,PRI,,
dms_ar_customeritemcategory,szId,varchar(50),NO,MUL,,
dms_ar_customeritemcategory,intItemNumber,int(10),NO,,,
dms_ar_customeritemcategory,szCategoryTypeId,varchar(50),NO,MUL,,
dms_ar_customeritemcategory,szCategoryValue,varchar(50),NO,MUL,,
dms_ar_customerpricesegment,iInternalId,int(10) unsigned,NO,PRI,auto_increment,
dms_ar_customerpricesegment,iId,char(50),NO,PRI,,
dms_ar_customerpricesegment,szId,varchar(50),NO,MUL,,
dms_ar_customerpricesegment,intItemNumber,int(10),NO,,,
dms_ar_customerpricesegment,szCategoryTypeId,varchar(50),NO,MUL,,
dms_ar_customerpricesegment,szCategoryId,varchar(50),NO,MUL,,
dms_ar_customerpricesegment,szCategoryValueId,varchar(50),NO,MUL,,
dms_ar_customerpricesegment,szPriceSegmentId,varchar(50),NO,MUL,,
dms_ar_customerrouteinfo,iInternalId,int(10) unsigned,NO,PRI,auto_increment,
dms_ar_customerrouteinfo,iId,char(50),NO,PRI,,
dms_ar_customerrouteinfo,szId,varchar(50),NO,MUL,,
dms_ar_customerrouteinfo,intItemNumber,int(10),NO,,,
dms_ar_customerrouteinfo,szRouteType,varchar(20),NO,,,
dms_ar_customerrouteinfo,szEmployeeId,varchar(50),NO,MUL,,
dms_ar_customerrouteinfo,bMon,tinyint(3) unsigned,NO,,,
dms_ar_customerrouteinfo,bTue,tinyint(3) unsigned,NO,,,
dms_ar_customerrouteinfo,bWed,tinyint(3) unsigned,NO,,,
dms_ar_customerrouteinfo,bThu,tinyint(3) unsigned,NO,,,
dms_ar_customerrouteinfo,bFri,tinyint(3) unsigned,NO,,,
dms_ar_customerrouteinfo,bSat,tinyint(3) unsigned,NO,,,
dms_ar_customerrouteinfo,bSun,tinyint(3) unsigned,NO,,,
dms_ar_customerrouteinfo,bWeek1,tinyint(3) unsigned,NO,,,
dms_ar_customerrouteinfo,bWeek2,tinyint(3) unsigned,NO,,,
dms_ar_customerrouteinfo,bWeek3,tinyint(3) unsigned,NO,,,
dms_ar_customerrouteinfo,bWeek4,tinyint(3) unsigned,NO,,,
dms_ar_customerrouteinfo,szUserCreatedId,varchar(20),NO,,,
dms_ar_customerrouteinfo,szUserUpdatedId,varchar(20),NO,,,
dms_ar_customerrouteinfo,dtmCreated,datetime,NO,,,
dms_ar_customerrouteinfo,dtmLastUpdated,datetime,NO,,,
dms_ar_customersalesinfo,iInternalId,int(10) unsigned,NO,PRI,auto_increment,
dms_ar_customersalesinfo,iId,char(50),NO,PRI,,
dms_ar_customersalesinfo,szId,varchar(50),NO,UNI,,
dms_ar_customersalesinfo,szPaymetTermId,varchar(50),NO,MUL,,
dms_ar_customersalesinfo,bAllowToCredit,tinyint(3) unsigned,NO,,,
dms_ar_customersalesinfo,decCreditLimit,"decimal(18,4)",NO,,,
dms_ar_customersalesinfo,szInvProcessingId,varchar(50),NO,MUL,,
dms_ar_customersalesinfo,szInvoiceGroupId,varchar(50),NO,MUL,,
dms_ar_customersalesinfo,bMustUsingSO,tinyint(3) unsigned,NO,,,
dms_ar_customersalesinfo,bCanDeliverFromOtherBranch,tinyint(3) unsigned,NO,,,
dms_ar_customersalesinfo,bMustUsingPO,tinyint(3) unsigned,NO,,,
dms_ar_customersalesinfo,dtmJoin,datetime,NO,,,
dms_ar_customersalesinfo,dtmStop,datetime,NO,,,
dms_ar_customersalesinfo,szStatus,varchar(50),NO,MUL,,
dms_ar_customersalesinfo,bDeliveredFromWarehouse,tinyint(3) unsigned,NO,,,
dms_ar_customersalesinfo,szUserCreatedId,varchar(20),NO,,,
dms_ar_customersalesinfo,szUserUpdatedId,varchar(20),NO,,,
dms_ar_customersalesinfo,dtmCreated,datetime,NO,,,
dms_ar_customersalesinfo,dtmLastUpdated,datetime,NO,,,
dms_ar_customerstructure,iInternalId,int(10) unsigned,NO,PRI,auto_increment,
dms_ar_customerstructure,iId,char(50),NO,PRI,,
dms_ar_customerstructure,szId,varchar(50),NO,UNI,,
dms_ar_customerstructure,szSoldToId,varchar(50),NO,MUL,,
dms_ar_customerstructure,szInvoiceToId,varchar(50),NO,MUL,,
dms_ar_customerstructure,szShipToId,varchar(50),NO,MUL,,
dms_ar_customerstructure,szTaxToId,varchar(50),NO,MUL,,
dms_ar_customerstructure,szCollectToId,varchar(50),NO,MUL,,
dms_ar_customerstructure,bSoldToId,tinyint(3) unsigned,NO,,,
dms_ar_customerstructure,bInvoiceToId,tinyint(3) unsigned,NO,,,
dms_ar_customerstructure,bShipToId,tinyint(3) unsigned,NO,,,
dms_ar_customerstructure,bTaxToId,tinyint(3) unsigned,NO,,,
dms_ar_customerstructure,bCollectToId,tinyint(3) unsigned,NO,,,
dms_ar_customerstructure,szSoldToBranchId,varchar(50),NO,MUL,,
dms_ar_customerstructure,szInvoiceToBranchId,varchar(50),NO,MUL,,
dms_ar_customerstructure,szShipToBranchId,varchar(50),NO,MUL,,
dms_ar_customerstructure,szTaxToBranchId,varchar(50),NO,MUL,,
dms_ar_customerstructure,szCollectToBranchId,varchar(50),NO,MUL,,
dms_ar_customerstructure,szUserCreatedId,varchar(20),NO,,,
dms_ar_customerstructure,szUserUpdatedId,varchar(20),NO,,,
dms_ar_customerstructure,dtmCreated,datetime,NO,,,
dms_ar_customerstructure,dtmLastUpdated,datetime,NO,,,
dms_ar_customertaxinfo,iInternalId,int(10) unsigned,NO,PRI,auto_increment,
dms_ar_customertaxinfo,iId,char(50),NO,PRI,,
dms_ar_customertaxinfo,szId,varchar(50),NO,UNI,,
dms_ar_customertaxinfo,bUseTaxConfig,tinyint(3) unsigned,NO,,,
dms_ar_customertaxinfo,szNPWP,varchar(50),NO,,,
dms_ar_customertaxinfo,szPKP,varchar(50),NO,,,
dms_ar_customertaxinfo,dtmTax,datetime,NO,,,
dms_ar_customertaxinfo,szName,varchar(50),NO,,,
dms_ar_customertaxinfo,szAddress,text,NO,,,
dms_ar_customertaxinfo,szUserCreatedId,varchar(20),NO,,,
dms_ar_customertaxinfo,szUserUpdatedId,varchar(20),NO,,,
dms_ar_customertaxinfo,dtmCreated,datetime,NO,,,
dms_ar_customertaxinfo,dtmLastUpdated,datetime,NO,,,
dms_ar_customertype,iInternalId,int(10) unsigned,NO,PRI,auto_increment,
dms_ar_customertype,iId,char(50),NO,PRI,,
dms_ar_customertype,szId,varchar(50),NO,UNI,,
dms_ar_customertype,szName,varchar(50),NO,,,
dms_ar_customertype,szDescription,varchar(500),NO,,,
dms_ar_customertype,szSegmentId,varchar(100),NO,MUL,,
dms_ar_customertype,szUserCreatedId,varchar(20),NO,,,
dms_ar_customertype,szUserUpdatedId,varchar(20),NO,,,
dms_ar_customertype,dtmCreated,datetime,NO,,,
dms_ar_customertype,dtmLastUpdated,datetime,NO,,,
dms_ar_doccustomer,iInternalId,int(10) unsigned,NO,PRI,auto_increment,
dms_ar_doccustomer,iId,char(50),NO,PRI,,
dms_ar_doccustomer,szDocId,varchar(50),NO,UNI,,
dms_ar_doccustomer,dtmDoc,datetime,NO,,,
dms_ar_doccustomer,szCustomerId,varchar(50),NO,MUL,,
dms_ar_doccustomer,szName,varchar(50),NO,,,
dms_ar_doccustomer,bNewCustomer,tinyint(3) unsigned,NO,,,
dms_ar_doccustomer,szIDCard,varchar(50),NO,,,
dms_ar_doccustomer,bHasDifferentCollectAddress,tinyint(3) unsigned,NO,,,
dms_ar_doccustomer,intPrintedCount,int(10),NO,,,
dms_ar_doccustomer,szBranchId,varchar(50),NO,,,
dms_ar_doccustomer,szCompanyId,varchar(50),NO,,,
dms_ar_doccustomer,szDocStatus,varchar(50),NO,,,
dms_ar_doccustomer,szHierarchyId,varchar(50),NO,,,
dms_ar_doccustomer,szHierarchyFull,varchar(1000),NO,,,
dms_ar_doccustomer,szDocFUpId,varchar(50),NO,,,
dms_ar_doccustomer,szUserCreatedId,varchar(20),NO,,,
dms_ar_doccustomer,szUserUpdatedId,varchar(20),NO,,,
dms_ar_doccustomer,dtmCreated,datetime,NO,,,
dms_ar_doccustomer,dtmLastUpdated,datetime,NO,,,
dms_ar_doccustomer,szCustomerTypeId,varchar(50),NO,MUL,,
dms_ar_doccustomer,szDescription,varchar(500),NO,,,
dms_ar_doccustomer,szChangeStatusReason,varchar(50),NO,MUL,,
dms_ar_doccustomercontract,iInternalId,int(10) unsigned,NO,PRI,auto_increment,
dms_ar_doccustomercontract,iId,char(50),NO,PRI,,
dms_ar_doccustomercontract,szDocId,varchar(50),NO,MUL,,
dms_ar_doccustomercontract,intItemNumber,int(10),NO,,,
dms_ar_doccustomercontract,szContractNo,varchar(50),NO,,,
dms_ar_doccustomercontract,dtmContract,datetime,NO,,,
dms_ar_doccustomercontract,szContractDescription,text,NO,,,
dms_ar_doccustomercontract,szUserCreatedId,varchar(20),NO,,,
dms_ar_doccustomercontract,szUserUpdatedId,varchar(20),NO,,,
dms_ar_doccustomercontract,dtmCreated,datetime,NO,,,
dms_ar_doccustomercontract,dtmLastUpdated,datetime,NO,,,
dms_ar_doccustomercontract,dtmContractEnd,datetime,NO,MUL,,
dms_ar_doccustomeritemcategory,iInternalId,int(10) unsigned,NO,PRI,auto_increment,
dms_ar_doccustomeritemcategory,iId,char(50),NO,PRI,,
dms_ar_doccustomeritemcategory,szDocId,varchar(50),NO,MUL,,
dms_ar_doccustomeritemcategory,intItemNumber,int(10),NO,,,
dms_ar_doccustomeritemcategory,szCategoryTypeId,varchar(50),NO,MUL,,
dms_ar_doccustomeritemcategory,szCategoryValue,varchar(50),NO,MUL,,
dms_ar_doccustomerpricesegment,iInternalId,int(10) unsigned,NO,PRI,auto_increment,
dms_ar_doccustomerpricesegment,iId,char(50),NO,PRI,,
dms_ar_doccustomerpricesegment,szDocId,varchar(50),NO,MUL,,
dms_ar_doccustomerpricesegment,intItemNumber,int(10),NO,,,
dms_ar_doccustomerpricesegment,szCategoryTypeId,varchar(50),NO,MUL,,
dms_ar_doccustomerpricesegment,szCategoryId,varchar(50),NO,MUL,,
dms_ar_doccustomerpricesegment,szCategoryValueId,varchar(50),NO,MUL,,
dms_ar_doccustomerpricesegment,szPriceSegmentId,varchar(50),NO,MUL,,
dms_ar_doccustomerrouteinfo,iInternalId,int(10) unsigned,NO,PRI,auto_increment,
dms_ar_doccustomerrouteinfo,iId,char(50),NO,PRI,,
dms_ar_doccustomerrouteinfo,szDocId,varchar(50),NO,MUL,,
dms_ar_doccustomerrouteinfo,intItemNumber,int(10),NO,,,
dms_ar_doccustomerrouteinfo,szRouteType,varchar(20),NO,,,
dms_ar_doccustomerrouteinfo,szEmployeeId,varchar(50),NO,MUL,,
dms_ar_doccustomerrouteinfo,bMon,tinyint(3) unsigned,NO,,,
dms_ar_doccustomerrouteinfo,bTue,tinyint(3) unsigned,NO,,,
dms_ar_doccustomerrouteinfo,bWed,tinyint(3) unsigned,NO,,,
dms_ar_doccustomerrouteinfo,bThu,tinyint(3) unsigned,NO,,,
dms_ar_doccustomerrouteinfo,bFri,tinyint(3) unsigned,NO,,,
dms_ar_doccustomerrouteinfo,bSat,tinyint(3) unsigned,NO,,,
dms_ar_doccustomerrouteinfo,bSun,tinyint(3) unsigned,NO,,,
dms_ar_doccustomerrouteinfo,bWeek1,tinyint(3) unsigned,NO,,,
dms_ar_doccustomerrouteinfo,bWeek2,tinyint(3) unsigned,NO,,,
dms_ar_doccustomerrouteinfo,bWeek3,tinyint(3) unsigned,NO,,,
dms_ar_doccustomerrouteinfo,bWeek4,tinyint(3) unsigned,NO,,,
dms_ar_doccustomerrouteinfo,szUserCreatedId,varchar(20),NO,,,
dms_ar_doccustomerrouteinfo,szUserUpdatedId,varchar(20),NO,,,
dms_ar_doccustomerrouteinfo,dtmCreated,datetime,NO,,,
dms_ar_doccustomerrouteinfo,dtmLastUpdated,datetime,NO,,,
dms_ar_doccustomersalesinfo,iInternalId,int(10) unsigned,NO,PRI,auto_increment,
dms_ar_doccustomersalesinfo,iId,char(50),NO,PRI,,
dms_ar_doccustomersalesinfo,szDocId,varchar(50),NO,UNI,,
dms_ar_doccustomersalesinfo,szPaymetTermId,varchar(50),NO,MUL,,
dms_ar_doccustomersalesinfo,bAllowToCredit,tinyint(3) unsigned,NO,,,
dms_ar_doccustomersalesinfo,decCreditLimit,"decimal(18,4)",NO,,,
dms_ar_doccustomersalesinfo,szInvProcessingId,varchar(50),NO,MUL,,
dms_ar_doccustomersalesinfo,szInvoiceGroupId,varchar(50),NO,MUL,,
dms_ar_doccustomersalesinfo,bMustUsingSO,tinyint(3) unsigned,NO,,,
dms_ar_doccustomersalesinfo,bCanDeliverFromOtherBranch,tinyint(3) unsigned,NO,,,
dms_ar_doccustomersalesinfo,bMustUsingPO,tinyint(3) unsigned,NO,,,
dms_ar_doccustomersalesinfo,dtmJoin,datetime,NO,,,
dms_ar_doccustomersalesinfo,dtmStop,datetime,NO,,,
dms_ar_doccustomersalesinfo,szStatus,varchar(50),NO,MUL,,
dms_ar_doccustomersalesinfo,bDeliveredFromWarehouse,tinyint(3) unsigned,NO,,,
dms_ar_doccustomersalesinfo,szUserCreatedId,varchar(20),NO,,,
dms_ar_doccustomersalesinfo,szUserUpdatedId,varchar(20),NO,,,
dms_ar_doccustomersalesinfo,dtmCreated,datetime,NO,,,
dms_ar_doccustomersalesinfo,dtmLastUpdated,datetime,NO,,,
dms_ar_doccustomerstructure,iInternalId,int(10) unsigned,NO,PRI,auto_increment,
dms_ar_doccustomerstructure,iId,char(50),NO,PRI,,
dms_ar_doccustomerstructure,szDocId,varchar(50),NO,UNI,,
dms_ar_doccustomerstructure,szSoldToId,varchar(50),NO,MUL,,
dms_ar_doccustomerstructure,szInvoiceToId,varchar(50),NO,MUL,,
dms_ar_doccustomerstructure,szShipToId,varchar(50),NO,MUL,,
dms_ar_doccustomerstructure,szTaxToId,varchar(50),NO,MUL,,
dms_ar_doccustomerstructure,szCollectToId,varchar(50),NO,MUL,,
dms_ar_doccustomerstructure,bSoldToId,tinyint(3) unsigned,NO,,,
dms_ar_doccustomerstructure,bInvoiceToId,tinyint(3) unsigned,NO,,,
dms_ar_doccustomerstructure,bShipToId,tinyint(3) unsigned,NO,,,
dms_ar_doccustomerstructure,bTaxToId,tinyint(3) unsigned,NO,,,
dms_ar_doccustomerstructure,bCollectToId,tinyint(3) unsigned,NO,,,
dms_ar_doccustomerstructure,szSoldToBranchId,varchar(50),NO,MUL,,
dms_ar_doccustomerstructure,szInvoiceToBranchId,varchar(50),NO,MUL,,
dms_ar_doccustomerstructure,szShipToBranchId,varchar(50),NO,MUL,,
dms_ar_doccustomerstructure,szTaxToBranchId,varchar(50),NO,MUL,,
dms_ar_doccustomerstructure,szCollectToBranchId,varchar(50),NO,MUL,,
dms_ar_doccustomerstructure,szUserCreatedId,varchar(20),NO,,,
dms_ar_doccustomerstructure,szUserUpdatedId,varchar(20),NO,,,
dms_ar_doccustomerstructure,dtmCreated,datetime,NO,,,
dms_ar_doccustomerstructure,dtmLastUpdated,datetime,NO,,,
dms_ar_doccustomertaxinfo,iInternalId,int(10) unsigned,NO,PRI,auto_increment,
dms_ar_doccustomertaxinfo,iId,char(50),NO,PRI,,
dms_ar_doccustomertaxinfo,szDocId,varchar(50),NO,UNI,,
dms_ar_doccustomertaxinfo,bUseTaxConfig,tinyint(3) unsigned,NO,,,
dms_ar_doccustomertaxinfo,szNPWP,varchar(50),NO,,,
dms_ar_doccustomertaxinfo,szPKP,varchar(50),NO,,,
dms_ar_doccustomertaxinfo,dtmTax,datetime,NO,,,
dms_ar_doccustomertaxinfo,szName,varchar(50),NO,,,
dms_ar_doccustomertaxinfo,szAddress,text,NO,,,
dms_ar_doccustomertaxinfo,szUserCreatedId,varchar(20),NO,,,
dms_ar_doccustomertaxinfo,szUserUpdatedId,varchar(20),NO,,,
dms_ar_doccustomertaxinfo,dtmCreated,datetime,NO,,,
dms_ar_doccustomertaxinfo,dtmLastUpdated,datetime,NO,,,
dms_ar_docpayment,iInternalId,int(10) unsigned,NO,PRI,auto_increment,
dms_ar_docpayment,iId,char(50),NO,PRI,,
dms_ar_docpayment,szDocId,varchar(50),NO,UNI,,
dms_ar_docpayment,dtmDoc,datetime,NO,MUL,,
dms_ar_docpayment,szEmployeeId,varchar(50),NO,MUL,,
dms_ar_docpayment,bCash,tinyint(3) unsigned,NO,MUL,,
dms_ar_docpayment,szPaymentStatus,varchar(10),NO,,,
dms_ar_docpayment,decCashPayment,"decimal(18,4)",NO,,,
dms_ar_docpayment,decNonCashPayment,"decimal(18,4)",NO,,,
dms_ar_docpayment,intPrintedCount,int(10),NO,,,
dms_ar_docpayment,szBranchId,varchar(50),NO,MUL,,
dms_ar_docpayment,szCompanyId,varchar(50),NO,,,
dms_ar_docpayment,szDocStatus,varchar(50),NO,MUL,,
dms_ar_docpayment,szUserCreatedId,varchar(20),NO,,,
dms_ar_docpayment,szUserUpdatedId,varchar(20),NO,,,
dms_ar_docpayment,dtmCreated,datetime,NO,,,
dms_ar_docpayment,dtmLastUpdated,datetime,NO,,,
dms_ar_docpaymentitem,iInternalId,int(10) unsigned,NO,PRI,auto_increment,
dms_ar_docpaymentitem,iId,char(50),NO,PRI,,
dms_ar_docpaymentitem,szDocId,varchar(50),NO,MUL,,
dms_ar_docpaymentitem,intItemNumber,int(10),NO,,,
dms_ar_docpaymentitem,szInvoiceId,varchar(50),NO,MUL,,
dms_ar_docpaymentitem,szCustomerId,varchar(50),NO,MUL,,
dms_ar_docpaymentitem,decPayment,"decimal(18,4)",NO,,,
dms_ar_docpaymentitem,decRemain,"decimal(18,4)",NO,,,
dms_ar_docpaymentitemdetail,iInternalId,int(10) unsigned,NO,PRI,auto_increment,
dms_ar_docpaymentitemdetail,iId,char(50),NO,PRI,,
dms_ar_docpaymentitemdetail,szDocId,varchar(50),NO,MUL,,
dms_ar_docpaymentitemdetail,intItemNumber,int(10),NO,,,
dms_ar_docpaymentitemdetail,intDetailItemNumber,int(10),NO,,,
dms_ar_docpaymentitemdetail,szPaymentType,varchar(50),NO,MUL,,
dms_ar_docpaymentitemdetail,decPayment,"decimal(18,4)",NO,,,
dms_ar_docpaymentitemdetail,szRefId,varchar(50),NO,MUL,,
dms_ar_docpaymentitemdetail,szNote,varchar(1000),NO,,,
dms_ar_docpaymentreverse,iInternalId,int(10) unsigned,NO,PRI,auto_increment,
dms_ar_docpaymentreverse,iId,char(50),NO,PRI,,
dms_ar_docpaymentreverse,szDocId,varchar(50),NO,UNI,,
dms_ar_docpaymentreverse,dtmDoc,datetime,NO,MUL,,
dms_ar_docpaymentreverse,szInvoiceId,varchar(50),NO,MUL,,
dms_ar_docpaymentreverse,intPrintedCount,int(10),NO,,,
dms_ar_docpaymentreverse,szBranchId,varchar(50),NO,,,
dms_ar_docpaymentreverse,szCompanyId,varchar(50),NO,,,
dms_ar_docpaymentreverse,szDocStatus,varchar(50),NO,,,
dms_ar_docpaymentreverse,szUserCreatedId,varchar(20),NO,,,
dms_ar_docpaymentreverse,szUserUpdatedId,varchar(20),NO,,,
dms_ar_docpaymentreverse,dtmCreated,datetime,NO,,,
dms_ar_docpaymentreverse,dtmLastUpdated,datetime,NO,,,
dms_ar_docpaymentreverseitem,iInternalId,int(10) unsigned,NO,PRI,auto_increment,
dms_ar_docpaymentreverseitem,iId,char(50),NO,PRI,,
dms_ar_docpaymentreverseitem,szDocId,varchar(50),NO,MUL,,
dms_ar_docpaymentreverseitem,intItemNumber,int(10),NO,,,
dms_ar_docpaymentreverseitem,szDocPaymentId,varchar(50),NO,MUL,,
dms_ar_invprocessing,iInternalId,int(10) unsigned,NO,PRI,auto_increment,
dms_ar_invprocessing,iId,char(50),NO,PRI,,
dms_ar_invprocessing,szId,varchar(50),NO,UNI,,
dms_ar_invprocessing,szName,varchar(50),NO,,,
dms_ar_invprocessing,szDescription,varchar(200),NO,,,
dms_ar_invprocessing,bDirectInvoice,tinyint(3) unsigned,NO,,,
dms_ar_invprocessing,intProcessingDate,int(10),NO,,,
dms_ar_invprocessing,szUserCreatedId,varchar(20),NO,,,
dms_ar_invprocessing,szUserUpdatedId,varchar(20),NO,,,
dms_ar_invprocessing,dtmCreated,datetime,NO,,,
dms_ar_invprocessing,dtmLastUpdated,datetime,NO,,,
dms_ar_paymentterm,iInternalId,int(10) unsigned,NO,PRI,auto_increment,
dms_ar_paymentterm,iId,char(50),NO,PRI,,
dms_ar_paymentterm,szId,varchar(50),NO,UNI,,
dms_ar_paymentterm,szName,varchar(50),NO,,,
dms_ar_paymentterm,szDescription,varchar(200),NO,,,
dms_ar_paymentterm,intDueDate,int(10),NO,,,
dms_ar_paymentterm,intDuePrintDate,int(10),NO,,,
dms_ar_paymentterm,szUserCreatedId,varchar(20),NO,,,
dms_ar_paymentterm,szUserUpdatedId,varchar(20),NO,,,
dms_ar_paymentterm,dtmCreated,datetime,NO,,,
dms_ar_paymentterm,dtmLastUpdated,datetime,NO,,,
dms_ar_paymenttype,iInternalId,int(10) unsigned,NO,PRI,auto_increment,
dms_ar_paymenttype,iId,char(50),NO,PRI,,
dms_ar_paymenttype,szId,varchar(50),NO,UNI,,
dms_ar_paymenttype,szName,varchar(50),NO,,,
dms_ar_paymenttype,szDescription,varchar(200),NO,,,
dms_ar_paymenttype,szPaymentTypeId,varchar(50),NO,MUL,,
dms_ar_paymenttype,szUserCreatedId,varchar(20),NO,,,
dms_ar_paymenttype,szUserUpdatedId,varchar(20),NO,,,
dms_ar_paymenttype,dtmCreated,datetime,NO,,,
dms_ar_paymenttype,dtmLastUpdated,datetime,NO,,,
dms_ar_pricesegment,iInternalId,int(10) unsigned,NO,PRI,auto_increment,
dms_ar_pricesegment,iId,char(50),NO,PRI,,
dms_ar_pricesegment,szId,varchar(50),NO,UNI,,
dms_ar_pricesegment,szName,varchar(50),NO,,,
dms_ar_pricesegment,szDescription,varchar(200),NO,,,
dms_ar_pricesegment,szUserCreatedId,varchar(20),NO,,,
dms_ar_pricesegment,szUserUpdatedId,varchar(20),NO,,,
dms_ar_pricesegment,dtmCreated,datetime,NO,,,
dms_ar_pricesegment,dtmLastUpdated,datetime,NO,,,
dms_assg_customerhierarchy,szID,varchar(50),NO,,,
dms_assg_customerhierarchy,szName,varchar(100),NO,,,
dms_assg_customerhierarchy,szSubParentID,varchar(50),NO,,,
dms_assg_customerhierarchy,szParentID,varchar(50),NO,,,
dms_assig_parentcustomer,szID,varchar(50),NO,,,
dms_assig_parentcustomer,szName,varchar(100),NO,,,
dms_bi_dotransaction,DO_ID,varchar(50),NO,,,
dms_bi_dotransaction,CUSTOMER_ID,varchar(50),NO,,,
dms_bi_dotransaction,DEPO,varchar(50),NO,,,
dms_bi_dotransaction,DEPO_NAME,varchar(50),NO,,,
dms_bi_dotransaction,ENTITY_NAME,varchar(50),NO,,,
dms_bi_dotransaction,DISTRIBUTOR_GROUP,varchar(50),NO,,,
dms_bi_dotransaction,DATE,datetime,NO,,,
dms_bi_dotransaction,WEEK,int(50),NO,,,
dms_bi_dotransaction,ITEM_ID,int(50),NO,,,
dms_bi_dotransaction,PRODUCT_ID,varchar(50),NO,,,
dms_bi_dotransaction,PRODUCT,varchar(50),NO,,,
dms_bi_dotransaction,ORDER_TYPE,varchar(50),NO,,,
dms_bi_dotransaction,QTY,int(50),NO,,,
dms_bi_dotransaction,VOLUME,"decimal(50,3)",NO,,,
dms_bi_dotransaction,SATUAN,varchar(50),NO,,,
dms_bi_salessummary,AO,int(50),NO,,,
dms_bi_salessummary,BillName,varchar(50),NO,,,
dms_bi_salessummary,AreaGMName,varchar(50),NO,,,
dms_bi_salessummary,Region,varchar(50),NO,,,
dms_bi_salessummary,TYPE,varchar(50),NO,,,
dms_bi_salessummary,Shape,varchar(50),NO,,,
dms_bi_salessummary,Brand,varchar(50),NO,,,
dms_bi_salessummary,BrandProduct,varchar(50),NO,,,
dms_bi_salessummary,Segment,varchar(50),NO,,,
dms_bi_salessummary,Qty_Liter,"decimal(50,3)",NO,,,
dms_bi_salessummary,Qty_Box,int(50),NO,,,
dms_bi_salessummary,NYear,varchar(50),NO,,,
dms_bi_salessummary,NMonth,varchar(50),NO,,,
dms_bi_salessummary,NYearMonth,varchar(50),NO,,,
dms_bi_salessummary,MONTH,varchar(50),NO,,,
dms_bi_salessummary,DistributorDepo,varchar(50),NO,,,
dms_bi_salessummary,DistributorGroup,varchar(50),NO,,,
dms_bi_salessummary_customer,CustomerId,varchar(50),NO,,,
dms_bi_salessummary_customer,CustomerName,varchar(200),NO,,,
dms_bi_salessummary_customer,DistributorDepo,varchar(200),NO,,,
dms_bi_salessummary_customer,BillName,varchar(200),NO,,,
dms_bi_salessummary_customer,AreaGMName,varchar(50),NO,,,
dms_bi_salessummary_customer,Region,varchar(50),NO,,,
dms_bi_salessummary_customer,TYPE,varchar(50),NO,,,
dms_bi_salessummary_customer,Shape,varchar(50),NO,,,
dms_bi_salessummary_customer,Brand,varchar(50),NO,,,
dms_bi_salessummary_customer,BrandProduct,varchar(50),NO,,,
dms_bi_salessummary_customer,Segment,varchar(50),NO,,,
dms_bi_salessummary_customer,Qty_Box,int(50),NO,,,
dms_bi_salessummary_customer,UOM,varchar(50),NO,,,
dms_bi_salessummary_customer,Qty_Liter,"decimal(50,3)",NO,,,
dms_bi_salessummary_customer,NYear,varchar(50),NO,,,
dms_bi_salessummary_customer,NMonth,varchar(50),NO,,,
dms_bi_salessummary_customer,NYearMonth,varchar(50),NO,,,
dms_bi_salessummary_customer,MONTH,varchar(50),NO,,,
dms_bi_stock,TBG_Id,varchar(50),YES,,,
dms_bi_stock,Depo,varchar(50),YES,,,
dms_bi_stock,TBG_Date,date,YES,,,
dms_bi_stock,szId,varchar(50),YES,,,
dms_bi_stock,COL_BEGINNING_BALANCE,"decimal(18,0)",YES,,,
dms_bi_stock,Stock_In_1,"decimal(18,0)",YES,,,
dms_bi_stock,Stock_In_2,"decimal(18,0)",YES,,,
dms_bi_stock,Stock_Out_1,"decimal(18,0)",YES,,,
dms_bi_stock,Stock_Out_2,"decimal(18,0)",YES,,,
dms_cas_bank,iInternalId,int(10) unsigned,NO,PRI,auto_increment,
dms_cas_bank,iId,char(50),NO,PRI,,
dms_cas_bank,szId,varchar(50),NO,UNI,,
dms_cas_bank,szName,varchar(50),NO,,,
dms_cas_bank,szDescription,varchar(200),NO,,,
dms_cas_bank,szUserCreatedId,varchar(20),NO,,,
dms_cas_bank,szUserUpdatedId,varchar(20),NO,,,
dms_cas_bank,dtmCreated,datetime,NO,,,
dms_cas_bank,dtmLastUpdated,datetime,NO,,,
dms_cas_bg,iInternalId,int(10) unsigned,NO,PRI,auto_increment,
dms_cas_bg,iId,char(50),NO,PRI,,
dms_cas_bg,szId,varchar(50),NO,MUL,,
dms_cas_bg,szBankId,varchar(50),NO,MUL,,
dms_cas_bg,szCustomerId,varchar(50),NO,MUL,,
dms_cas_bg,decAmount,"decimal(18,4)",NO,,,
dms_cas_bg,decRemain,"decimal(18,4)",NO,,,
dms_cas_bg,szStatus,varchar(50),NO,MUL,,
dms_cas_bg,szEmployeeId,varchar(50),NO,MUL,,
dms_cas_bg,dtmDue,datetime,NO,MUL,,
dms_cas_bg,dtmReceipt,datetime,NO,,,
dms_cas_bg,szDocReceiptId,varchar(50),NO,,,
dms_cas_bg,dtmDeposit,datetime,NO,,,
dms_cas_bg,szDocDepositId,varchar(50),NO,,,
dms_cas_bg,dtmClearing,datetime,NO,,,
dms_cas_bg,szDocClearingId,varchar(50),NO,,,
dms_cas_bg,dtmReject,datetime,NO,,,
dms_cas_bg,szDocRejectId,varchar(50),NO,,,
dms_cas_bg,szBranchId,varchar(50),NO,MUL,,
dms_cas_bg,szAccountId,varchar(50),NO,MUL,,
dms_cas_bg,szSubAccountId,varchar(50),NO,MUL,,
dms_cas_bg,szAccountClearingId,varchar(50),NO,MUL,,
dms_cas_bg,szSubAccountClearingId,varchar(50),NO,MUL,,
dms_cas_bg,szUserCreatedId,varchar(20),NO,,,
dms_cas_bg,szUserUpdatedId,varchar(20),NO,,,
dms_cas_bg,dtmCreated,datetime,NO,,,
dms_cas_bg,dtmLastUpdated,datetime,NO,,,
dms_cas_bgpayment,iInternalId,int(10) unsigned,NO,PRI,auto_increment,
dms_cas_bgpayment,iId,char(50),NO,PRI,,
dms_cas_bgpayment,szId,varchar(50),NO,MUL,,
dms_cas_bgpayment,szBankId,varchar(50),NO,MUL,,
dms_cas_bgpayment,szCustomerId,varchar(50),NO,MUL,,
dms_cas_bgpayment,szRefDocId,varchar(50),NO,MUL,,
dms_cas_bgpayment,szRefCustomerId,varchar(50),NO,,,
dms_cas_bgpayment,szRefInvoiceId,varchar(50),NO,,,
dms_cas_bgpayment,szPaymentType,varchar(50),NO,,,
dms_cas_bgpayment,decAmount,"decimal(18,4)",NO,,,
dms_cas_bgpayment,szStatus,varchar(10),NO,MUL,,
dms_cas_bgpayment,szBranchId,varchar(50),NO,,,
dms_cas_bgpayment,szUserCreatedId,varchar(20),NO,,,
dms_cas_bgpayment,szUserUpdatedId,varchar(20),NO,,,
dms_cas_bgpayment,dtmCreated,datetime,NO,,,
dms_cas_bgpayment,dtmLastUpdated,datetime,NO,,,
dms_cas_cashbalance,iInternalId,int(10) unsigned,NO,PRI,auto_increment,
dms_cas_cashbalance,iId,char(50),NO,PRI,,
dms_cas_cashbalance,szObjectId,varchar(20),NO,MUL,,
dms_cas_cashbalance,szDocId,varchar(50),NO,MUL,,
dms_cas_cashbalance,dtmDoc,datetime,NO,MUL,,
dms_cas_cashbalance,szAccountId,varchar(50),NO,MUL,,
dms_cas_cashbalance,szSubAccountId,varchar(50),NO,,,
dms_cas_cashbalance,decDebit,"decimal(18,4)",NO,,,
dms_cas_cashbalance,decCredit,"decimal(18,4)",NO,,,
dms_cas_cashbalance,decAmount,"decimal(18,4)",NO,,,
dms_cas_cashbalance,bVoucher,tinyint(3) unsigned,NO,,,
dms_cas_cashbalance,szVoucherNo,varchar(50),NO,MUL,,
dms_cas_cashbalance,szBranchId,varchar(50),NO,,,
dms_cas_cashbalance,szDescription,varchar(2000),NO,,,
dms_cas_cashbalance,intItemNumber,int(11),NO,,,
dms_cas_cashbalance,szUserCreatedId,varchar(20),NO,,,
dms_cas_cashbalance,szUserUpdatedId,varchar(20),NO,,,
dms_cas_cashbalance,dtmCreated,datetime,NO,,,
dms_cas_cashbalance,dtmLastUpdated,datetime,NO,,,
dms_cas_cashbalancesaldo,iInternalId,int(10) unsigned,NO,PRI,auto_increment,
dms_cas_cashbalancesaldo,iId,char(50),NO,PRI,,
dms_cas_cashbalancesaldo,szBranchId,varchar(50),NO,MUL,,
dms_cas_cashbalancesaldo,szAccountId,varchar(50),NO,MUL,,
dms_cas_cashbalancesaldo,szSubAccountId,varchar(50),NO,MUL,,
dms_cas_cashbalancesaldo,decDebit,"decimal(18,4)",NO,,,
dms_cas_cashbalancesaldo,decCredit,"decimal(18,4)",NO,,,
dms_cas_cashbalancesaldo,decAmount,"decimal(18,4)",NO,,,
dms_cas_cashbalancesaldo,szUserCreatedId,varchar(20),NO,,,
dms_cas_cashbalancesaldo,szUserUpdatedId,varchar(20),NO,,,
dms_cas_cashbalancesaldo,dtmCreated,datetime,NO,,,
dms_cas_cashbalancesaldo,dtmLastUpdated,datetime,NO,,,
dms_cas_cashtempbalance,iInternalId,int(10) unsigned,NO,PRI,auto_increment,
dms_cas_cashtempbalance,iId,char(50),NO,PRI,,
dms_cas_cashtempbalance,szObjectId,varchar(20),NO,MUL,,
dms_cas_cashtempbalance,szDocId,varchar(50),NO,MUL,,
dms_cas_cashtempbalance,dtmDoc,datetime,NO,,,
dms_cas_cashtempbalance,szAccountId,varchar(50),NO,,,
dms_cas_cashtempbalance,szSubAccountId,varchar(50),NO,,,
dms_cas_cashtempbalance,decDebit,"decimal(18,4)",NO,,,
dms_cas_cashtempbalance,decCredit,"decimal(18,4)",NO,,,
dms_cas_cashtempbalance,decAmount,"decimal(18,4)",NO,,,
dms_cas_cashtempbalance,bVoucher,tinyint(3) unsigned,NO,,,
dms_cas_cashtempbalance,szVoucherNo,varchar(50),NO,,,
dms_cas_cashtempbalance,szBranchId,varchar(50),NO,,,
dms_cas_cashtempbalance,szDescription,varchar(2000),NO,,,
dms_cas_cashtempbalance,intItemNumber,int(11),NO,,,
dms_cas_cashtempbalance,szUserCreatedId,varchar(20),NO,,,
dms_cas_cashtempbalance,szUserUpdatedId,varchar(20),NO,,,
dms_cas_cashtempbalance,dtmCreated,datetime,NO,,,
dms_cas_cashtempbalance,dtmLastUpdated,datetime,NO,,,
dms_cas_cashtempbalancesaldo,iInternalId,int(10) unsigned,NO,PRI,auto_increment,
dms_cas_cashtempbalancesaldo,iId,char(50),NO,PRI,,
dms_cas_cashtempbalancesaldo,szBranchId,varchar(50),NO,MUL,,
dms_cas_cashtempbalancesaldo,szAccountId,varchar(50),NO,MUL,,
dms_cas_cashtempbalancesaldo,szSubAccountId,varchar(50),NO,MUL,,
dms_cas_cashtempbalancesaldo,decDebit,"decimal(18,4)",NO,,,
dms_cas_cashtempbalancesaldo,decCredit,"decimal(18,4)",NO,,,
dms_cas_cashtempbalancesaldo,decAmount,"decimal(18,4)",NO,,,
dms_cas_cashtempbalancesaldo,szUserCreatedId,varchar(20),NO,,,
dms_cas_cashtempbalancesaldo,szUserUpdatedId,varchar(20),NO,,,
dms_cas_cashtempbalancesaldo,dtmCreated,datetime,NO,,,
dms_cas_cashtempbalancesaldo,dtmLastUpdated,datetime,NO,,,
dms_cas_docbgclearing,iInternalId,int(10) unsigned,NO,PRI,auto_increment,
dms_cas_docbgclearing,iId,char(50),NO,PRI,,
dms_cas_docbgclearing,szDocId,varchar(50),NO,UNI,,
dms_cas_docbgclearing,dtmDoc,datetime,NO,MUL,,
dms_cas_docbgclearing,intPrintedCount,int(10),NO,,,
dms_cas_docbgclearing,szBranchId,varchar(50),NO,MUL,,
dms_cas_docbgclearing,szCompanyId,varchar(50),NO,,,
dms_cas_docbgclearing,szDocStatus,varchar(50),NO,MUL,,
dms_cas_docbgclearing,szUserCreatedId,varchar(20),NO,,,
dms_cas_docbgclearing,szUserUpdatedId,varchar(20),NO,,,
dms_cas_docbgclearing,dtmCreated,datetime,NO,,,
dms_cas_docbgclearing,dtmLastUpdated,datetime,NO,,,
dms_cas_docbgclearingitem,iInternalId,int(10) unsigned,NO,PRI,auto_increment,
dms_cas_docbgclearingitem,iId,char(50),NO,PRI,,
dms_cas_docbgclearingitem,szDocId,varchar(50),NO,MUL,,
dms_cas_docbgclearingitem,intItemNumber,int(10),NO,,,
dms_cas_docbgclearingitem,szRefDocId,varchar(50),NO,MUL,,
dms_cas_docbgclearingitem,szBankId,varchar(50),NO,MUL,,
dms_cas_docbgclearingitem,szCustomerId,varchar(50),NO,MUL,,
dms_cas_docbgdeposit,iInternalId,int(10) unsigned,NO,PRI,auto_increment,
dms_cas_docbgdeposit,iId,char(50),NO,PRI,,
dms_cas_docbgdeposit,szDocId,varchar(50),NO,UNI,,
dms_cas_docbgdeposit,dtmDoc,datetime,NO,MUL,,
dms_cas_docbgdeposit,intPrintedCount,int(10),NO,,,
dms_cas_docbgdeposit,szBranchId,varchar(50),NO,,,
dms_cas_docbgdeposit,szCompanyId,varchar(50),NO,,,
dms_cas_docbgdeposit,szDocStatus,varchar(50),NO,,,
dms_cas_docbgdeposit,szUserCreatedId,varchar(20),NO,,,
dms_cas_docbgdeposit,szUserUpdatedId,varchar(20),NO,,,
dms_cas_docbgdeposit,dtmCreated,datetime,NO,,,
dms_cas_docbgdeposit,dtmLastUpdated,datetime,NO,,,
dms_cas_docbgdeposititem,iInternalId,int(10) unsigned,NO,PRI,auto_increment,
dms_cas_docbgdeposititem,iId,char(50),NO,PRI,,
dms_cas_docbgdeposititem,szDocId,varchar(50),NO,MUL,,
dms_cas_docbgdeposititem,intItemNumber,int(10),NO,,,
dms_cas_docbgdeposititem,szRefDocId,varchar(50),NO,MUL,,
dms_cas_docbgdeposititem,szBankId,varchar(50),NO,MUL,,
dms_cas_docbgdeposititem,szCustomerId,varchar(50),NO,MUL,,
dms_cas_docbgreceipt,iInternalId,int(10) unsigned,NO,PRI,auto_increment,
dms_cas_docbgreceipt,iId,char(50),NO,PRI,,
dms_cas_docbgreceipt,szDocId,varchar(50),NO,UNI,,
dms_cas_docbgreceipt,dtmDoc,datetime,NO,MUL,,
dms_cas_docbgreceipt,szEmployeeId,varchar(50),NO,MUL,,
dms_cas_docbgreceipt,szAccountId,varchar(50),NO,MUL,,
dms_cas_docbgreceipt,szSubAccountId,varchar(50),NO,MUL,,
dms_cas_docbgreceipt,szAccountClearingId,varchar(50),NO,MUL,,
dms_cas_docbgreceipt,szSubAccountClearingId,varchar(50),NO,MUL,,
dms_cas_docbgreceipt,intPrintedCount,int(10),NO,,,
dms_cas_docbgreceipt,szBranchId,varchar(50),NO,MUL,,
dms_cas_docbgreceipt,szCompanyId,varchar(50),NO,,,
dms_cas_docbgreceipt,szDocStatus,varchar(50),NO,MUL,,
dms_cas_docbgreceipt,szUserCreatedId,varchar(20),NO,,,
dms_cas_docbgreceipt,szUserUpdatedId,varchar(20),NO,,,
dms_cas_docbgreceipt,dtmCreated,datetime,NO,,,
dms_cas_docbgreceipt,dtmLastUpdated,datetime,NO,,,
dms_cas_docbgreceiptitem,iInternalId,int(10) unsigned,NO,PRI,auto_increment,
dms_cas_docbgreceiptitem,iId,char(50),NO,PRI,,
dms_cas_docbgreceiptitem,szDocId,varchar(50),NO,MUL,,
dms_cas_docbgreceiptitem,intItemNumber,int(10),NO,,,
dms_cas_docbgreceiptitem,szRefDocId,varchar(50),NO,MUL,,
dms_cas_docbgreceiptitem,szBankId,varchar(50),NO,MUL,,
dms_cas_docbgreceiptitem,szCustomerId,varchar(50),NO,MUL,,
dms_cas_docbgreceiptitem,decAmount,"decimal(18,0)",NO,,,
dms_cas_docbgreceiptitem,dtmDue,timestamp,NO,,on update CURRENT_TIMESTAMP,
dms_cas_docbgreject,iInternalId,int(10) unsigned,NO,PRI,auto_increment,
dms_cas_docbgreject,iId,char(50),NO,PRI,,
dms_cas_docbgreject,szDocId,varchar(50),NO,UNI,,
dms_cas_docbgreject,dtmDoc,datetime,NO,MUL,,
dms_cas_docbgreject,intPrintedCount,int(10),NO,,,
dms_cas_docbgreject,szBranchId,varchar(50),NO,,,
dms_cas_docbgreject,szCompanyId,varchar(50),NO,,,
dms_cas_docbgreject,szDocStatus,varchar(50),NO,,,
dms_cas_docbgreject,szUserCreatedId,varchar(20),NO,,,
dms_cas_docbgreject,szUserUpdatedId,varchar(20),NO,,,
dms_cas_docbgreject,dtmCreated,datetime,NO,,,
dms_cas_docbgreject,dtmLastUpdated,datetime,NO,,,
dms_cas_docbgrejectitem,iInternalId,int(10) unsigned,NO,PRI,auto_increment,
dms_cas_docbgrejectitem,iId,char(50),NO,PRI,,
dms_cas_docbgrejectitem,szDocId,varchar(50),NO,MUL,,
dms_cas_docbgrejectitem,intItemNumber,int(10),NO,,,
dms_cas_docbgrejectitem,szRefDocId,varchar(50),NO,MUL,,
dms_cas_docbgrejectitem,szBankId,varchar(50),NO,MUL,,
dms_cas_docbgrejectitem,szCustomerId,varchar(50),NO,MUL,,
dms_cas_doccashin,iInternalId,int(10) unsigned,NO,PRI,auto_increment,
dms_cas_doccashin,iId,char(50),NO,PRI,,
dms_cas_doccashin,szDocId,varchar(50),NO,UNI,,
dms_cas_doccashin,dtmDoc,datetime,NO,MUL,,
dms_cas_doccashin,szEmployeeId,varchar(50),NO,MUL,,
dms_cas_doccashin,szAccountId,varchar(50),NO,MUL,,
dms_cas_doccashin,szSubAccountId,varchar(50),NO,MUL,,
dms_cas_doccashin,decAmountControl,"decimal(18,4)",NO,,,
dms_cas_doccashin,intPrintedCount,int(10),NO,,,
dms_cas_doccashin,szBranchId,varchar(50),NO,,,
dms_cas_doccashin,szCompanyId,varchar(50),NO,,,
dms_cas_doccashin,szDocStatus,varchar(50),NO,,,
dms_cas_doccashin,szUserCreatedId,varchar(20),NO,,,
dms_cas_doccashin,szUserUpdatedId,varchar(20),NO,,,
dms_cas_doccashin,dtmCreated,datetime,NO,,,
dms_cas_doccashin,dtmLastUpdated,datetime,NO,,,
dms_cas_doccashinitem,iInternalId,int(10) unsigned,NO,PRI,auto_increment,
dms_cas_doccashinitem,iId,char(50),NO,PRI,,
dms_cas_doccashinitem,szDocId,varchar(50),NO,MUL,,
dms_cas_doccashinitem,intItemNumber,int(10),NO,,,
dms_cas_doccashinitem,szAccountId,varchar(50),NO,MUL,,
dms_cas_doccashinitem,szSubAccountId,varchar(50),NO,MUL,,
dms_cas_doccashinitem,decAmount,"decimal(18,4)",NO,,,
dms_cas_doccashinitem,szDescription,varchar(2000),NO,,,
dms_cas_doccashout,iInternalId,int(10) unsigned,NO,PRI,auto_increment,
dms_cas_doccashout,iId,char(50),NO,PRI,,
dms_cas_doccashout,szDocId,varchar(50),NO,UNI,,
dms_cas_doccashout,dtmDoc,datetime,NO,MUL,,
dms_cas_doccashout,szEmployeeId,varchar(50),NO,MUL,,
dms_cas_doccashout,szAccountId,varchar(50),NO,MUL,,
dms_cas_doccashout,szSubAccountId,varchar(50),NO,MUL,,
dms_cas_doccashout,decAmountControl,"decimal(18,4)",NO,,,
dms_cas_doccashout,intPrintedCount,int(10),NO,,,
dms_cas_doccashout,szBranchId,varchar(50),NO,,,
dms_cas_doccashout,szCompanyId,varchar(50),NO,,,
dms_cas_doccashout,szDocStatus,varchar(50),NO,,,
dms_cas_doccashout,szUserCreatedId,varchar(20),NO,,,
dms_cas_doccashout,szUserUpdatedId,varchar(20),NO,,,
dms_cas_doccashout,dtmCreated,datetime,NO,,,
dms_cas_doccashout,dtmLastUpdated,datetime,NO,,,
dms_cas_doccashoutitem,iInternalId,int(10) unsigned,NO,PRI,auto_increment,
dms_cas_doccashoutitem,iId,char(50),NO,PRI,,
dms_cas_doccashoutitem,szDocId,varchar(50),NO,MUL,,
dms_cas_doccashoutitem,intItemNumber,int(10),NO,,,
dms_cas_doccashoutitem,szAccountId,varchar(50),NO,MUL,,
dms_cas_doccashoutitem,szSubAccountId,varchar(50),NO,MUL,,
dms_cas_doccashoutitem,decAmount,"decimal(18,4)",NO,,,
dms_cas_doccashoutitem,szDescription,varchar(2000),NO,,,
dms_cas_doccashtempin,iInternalId,int(10) unsigned,NO,PRI,auto_increment,
dms_cas_doccashtempin,iId,char(50),NO,PRI,,
dms_cas_doccashtempin,szDocId,varchar(50),NO,UNI,,
dms_cas_doccashtempin,dtmDoc,datetime,NO,MUL,,
dms_cas_doccashtempin,szEmployeeId,varchar(50),NO,MUL,,
dms_cas_doccashtempin,szAccountId,varchar(50),NO,MUL,,
dms_cas_doccashtempin,szSubAccountId,varchar(50),NO,MUL,,
dms_cas_doccashtempin,decAmountControl,"decimal(18,4)",NO,,,
dms_cas_doccashtempin,intPrintedCount,int(10),NO,,,
dms_cas_doccashtempin,szBranchId,varchar(50),NO,MUL,,
dms_cas_doccashtempin,szCompanyId,varchar(50),NO,,,
dms_cas_doccashtempin,szDocStatus,varchar(50),NO,MUL,,
dms_cas_doccashtempin,szUserCreatedId,varchar(20),NO,,,
dms_cas_doccashtempin,szUserUpdatedId,varchar(20),NO,,,
dms_cas_doccashtempin,dtmCreated,datetime,NO,,,
dms_cas_doccashtempin,dtmLastUpdated,datetime,NO,,,
dms_cas_doccashtempinitem,iInternalId,int(10) unsigned,NO,PRI,auto_increment,
dms_cas_doccashtempinitem,iId,char(50),NO,PRI,,
dms_cas_doccashtempinitem,szDocId,varchar(50),NO,MUL,,
dms_cas_doccashtempinitem,intItemNumber,int(10),NO,,,
dms_cas_doccashtempinitem,szAccountId,varchar(50),NO,MUL,,
dms_cas_doccashtempinitem,szSubAccountId,varchar(50),NO,MUL,,
dms_cas_doccashtempinitem,decAmount,"decimal(18,4)",NO,,,
dms_cas_doccashtempinitem,szDescription,varchar(2000),NO,,,
dms_cas_doccashtempout,iInternalId,int(10) unsigned,NO,PRI,auto_increment,
dms_cas_doccashtempout,iId,char(50),NO,PRI,,
dms_cas_doccashtempout,szDocId,varchar(50),NO,UNI,,
dms_cas_doccashtempout,dtmDoc,datetime,NO,,,
dms_cas_doccashtempout,szEmployeeId,varchar(50),NO,MUL,,
dms_cas_doccashtempout,szAccountId,varchar(50),NO,MUL,,
dms_cas_doccashtempout,szSubAccountId,varchar(50),NO,MUL,,
dms_cas_doccashtempout,decAmountControl,"decimal(18,4)",NO,,,
dms_cas_doccashtempout,intPrintedCount,int(10),NO,,,
dms_cas_doccashtempout,szBranchId,varchar(50),NO,MUL,,
dms_cas_doccashtempout,szCompanyId,varchar(50),NO,,,
dms_cas_doccashtempout,szDocStatus,varchar(50),NO,MUL,,
dms_cas_doccashtempout,szUserCreatedId,varchar(20),NO,,,
dms_cas_doccashtempout,szUserUpdatedId,varchar(20),NO,,,
dms_cas_doccashtempout,dtmCreated,datetime,NO,,,
dms_cas_doccashtempout,dtmLastUpdated,datetime,NO,,,
dms_cas_doccashtempoutitem,iInternalId,int(10) unsigned,NO,PRI,auto_increment,
dms_cas_doccashtempoutitem,iId,char(50),NO,PRI,,
dms_cas_doccashtempoutitem,szDocId,varchar(50),NO,MUL,,
dms_cas_doccashtempoutitem,intItemNumber,int(10),NO,,,
dms_cas_doccashtempoutitem,szAccountId,varchar(50),NO,MUL,,
dms_cas_doccashtempoutitem,szSubAccountId,varchar(50),NO,MUL,,
dms_cas_doccashtempoutitem,decAmount,"decimal(18,4)",NO,,,
dms_cas_doccashtempoutitem,szDescription,varchar(2000),NO,,,
dms_convertion_branch,szId,varchar(50),NO,,,
dms_convertion_branch,szName,varchar(50),NO,,,
dms_convertion_branch,szCompanyId,varchar(50),NO,,,
dms_convertion_branch,BillName,varchar(100),NO,,,
dms_convertion_branch,Areagm_Name,varchar(50),NO,,,
dms_convertion_branch,Region_Name,varchar(50),NO,,,
dms_convertion_entity,EntityID,varchar(10),NO,PRI,,
dms_convertion_entity,EntityGroup,varchar(10),NO,,,
dms_convertion_entity,EntityDesc,varchar(50),NO,,,
dms_convertion_product,Product_Id,varchar(50),NO,PRI,,
dms_convertion_product,Product_Name,varchar(255),NO,,,
dms_convertion_product,Unit,int(50),NO,,,
dms_convertion_product,Unit_Convert,"decimal(6,3)",NO,,,
dms_convertion_product,Volume,"decimal(6,3)",NO,,,
dms_convertion_product,UOM,varchar(50),NO,,,
dms_convertion_productbi,Product_Id,varchar(50),NO,,,
dms_convertion_productbi,Product_Name,varchar(50),NO,,,
dms_convertion_productbi,Unit,varchar(50),NO,,,
dms_convertion_productbi,Unit_Convert,varchar(50),NO,,,
dms_convertion_productbi,Volume,varchar(50),NO,,,
dms_convertion_productbi,UOM,varchar(50),NO,,,
dms_convertion_productbi,Brand,varchar(50),NO,,,
dms_convertion_productbi,Shape,varchar(50),NO,,,
dms_convertion_productbi,Type,varchar(50),NO,,,
dms_crl_crluser,iInternalId,int(10) unsigned,NO,PRI,auto_increment,
dms_crl_crluser,iId,char(50),NO,PRI,,
dms_crl_crluser,szId,varchar(50),NO,UNI,,
dms_crl_crluser,szName,varchar(50),NO,,,
dms_crl_crluser,szDescription,varchar(200),NO,,,
dms_crl_crluser,szUserCreatedId,varchar(20),NO,,,
dms_crl_crluser,szUserUpdatedId,varchar(20),NO,,,
dms_crl_crluser,dtmCreated,datetime,NO,,,
dms_crl_crluser,dtmLastUpdated,datetime,NO,,,
dms_crl_docissue,iInternalId,int(10) unsigned,NO,PRI,auto_increment,
dms_crl_docissue,iId,char(50),NO,PRI,,
dms_crl_docissue,szDocId,varchar(50),NO,UNI,,
dms_crl_docissue,dtmDoc,datetime,NO,MUL,,
dms_crl_docissue,szIssueCategoryId,varchar(50),NO,MUL,,
dms_crl_docissue,szIssuePriorityId,varchar(50),NO,MUL,,
dms_crl_docissue,szAssignToId,varchar(50),NO,MUL,,
dms_crl_docissue,szReportedById,varchar(50),NO,,,
dms_crl_docissue,szMonitorBy,varchar(50),NO,,,
dms_crl_docissue,szSummary,text,YES,,,
dms_crl_docissue,szDescription,text,YES,,,
dms_crl_docissue,szTag,text,YES,,,
dms_crl_docissue,szRespondenType,varchar(10),NO,MUL,,
dms_crl_docissue,szRespondenId,varchar(50),NO,MUL,,
dms_crl_docissue,szRespondenName,varchar(50),NO,,,
dms_crl_docissue,intPrintedCount,int(10),NO,,,
dms_crl_docissue,szBranchId,varchar(50),YES,,,
dms_crl_docissue,szCompanyId,varchar(50),NO,,,
dms_crl_docissue,szDocStatus,varchar(50),NO,,,
dms_crl_docissue,szUserCreatedId,varchar(20),NO,,,
dms_crl_docissue,szUserUpdatedId,varchar(20),NO,,,
dms_crl_docissue,dtmCreated,datetime,NO,,,
dms_crl_docissue,dtmLastUpdated,datetime,NO,,,
dms_crl_docissue,szLink,varchar(50),NO,,,
dms_crl_docissueitem,iInternalId,int(10) unsigned,NO,PRI,auto_increment,
dms_crl_docissueitem,iId,char(50),NO,PRI,,
dms_crl_docissueitem,szDocId,varchar(50),NO,MUL,,
dms_crl_docissueitem,intItemNumber,int(10),NO,,,
dms_crl_docissueitem,szFileName,varchar(200),NO,,,
dms_crl_docissueitem,szGuidFile,varchar(50),NO,,,
dms_crl_fupissue,iInternalId,int(10) unsigned,NO,PRI,auto_increment,
dms_crl_fupissue,iId,char(50),NO,PRI,,
dms_crl_fupissue,szDocId,varchar(50),NO,,,
dms_crl_fupissue,dtmDoc,datetime,NO,,,
dms_crl_fupissue,szIssueCategoryId,varchar(50),NO,,,
dms_crl_fupissue,szIssuePriorityId,varchar(50),NO,,,
dms_crl_fupissue,szAssignToId,varchar(50),NO,,,
dms_crl_fupissue,szReportedById,varchar(50),NO,,,
dms_crl_fupissue,szMonitorBy,varchar(50),NO,,,
dms_crl_fupissue,szSummary,text,YES,,,
dms_crl_fupissue,szDescription,text,YES,,,
dms_crl_fupissue,szFileName,text,YES,,,
dms_crl_fupissue,szGuidFile,varchar(50),NO,,,
dms_crl_fupissue,szStatus,varchar(50),NO,,,
dms_crl_fupissue,szChange,text,YES,,,
dms_crl_fupissue,szTag,text,YES,,,
dms_crl_fupissue,szRespondenType,varchar(10),NO,,,
dms_crl_fupissue,szRespondenId,varchar(50),NO,,,
dms_crl_fupissue,szRespondenName,varchar(50),NO,,,
dms_crl_fupissue,intPrintedCount,int(10),NO,,,
dms_crl_fupissue,szBranchId,varchar(50),NO,,,
dms_crl_fupissue,szCompanyId,varchar(50),NO,,,
dms_crl_fupissue,szDocStatus,varchar(50),NO,,,
dms_crl_fupissue,szUserCreatedId,varchar(20),NO,,,
dms_crl_fupissue,szUserUpdatedId,varchar(20),NO,,,
dms_crl_fupissue,dtmCreated,datetime,NO,,,
dms_crl_fupissue,dtmLastUpdated,datetime,NO,,,
dms_crl_fupissue,szLink,varchar(50),NO,,,
dms_crl_fupissuelog,iInternalId,int(10) unsigned,NO,PRI,auto_increment,
dms_crl_fupissuelog,iId,char(50),NO,PRI,,
dms_crl_fupissuelog,gdId,char(50),NO,,,
dms_crl_fupissuelog,szDocId,varchar(50),NO,,,
dms_crl_fupissuelog,dtmDoc,datetime,NO,,,
dms_crl_fupissuelog,szIssueCategoryId,varchar(50),NO,,,
dms_crl_fupissuelog,szIssuePriorityId,varchar(50),NO,,,
dms_crl_fupissuelog,szAssignToId,varchar(50),NO,,,
dms_crl_fupissuelog,szReportedById,varchar(50),NO,,,
dms_crl_fupissuelog,szMonitorBy,varchar(50),NO,,,
dms_crl_fupissuelog,szSummary,text,YES,,,
dms_crl_fupissuelog,szDescription,text,NO,,,
dms_crl_fupissuelog,szFileName,text,NO,,,
dms_crl_fupissuelog,szGuidFile,varchar(50),NO,,,
dms_crl_fupissuelog,szStatus,varchar(50),NO,,,
dms_crl_fupissuelog,szChange,text,NO,,,
dms_crl_fupissuelog,szTag,text,NO,,,
dms_crl_fupissuelog,szRespondenType,varchar(10),NO,,,
dms_crl_fupissuelog,szRespondenId,varchar(50),NO,,,
dms_crl_fupissuelog,szRespondenName,varchar(50),NO,,,
dms_crl_fupissuelog,intPrintedCount,int(10),NO,,,
dms_crl_fupissuelog,szBranchId,varchar(50),NO,,,
dms_crl_fupissuelog,szCompanyId,varchar(50),NO,,,
dms_crl_fupissuelog,szDocStatus,varchar(50),NO,,,
dms_crl_fupissuelog,szUserCreatedId,varchar(20),NO,,,
dms_crl_fupissuelog,szUserUpdatedId,varchar(20),NO,,,
dms_crl_fupissuelog,dtmCreated,datetime,NO,,,
dms_crl_fupissuelog,dtmLastUpdated,datetime,NO,,,
dms_crl_fupissuelog,szLink,varchar(50),NO,,,
dms_crl_issuecategory,iInternalId,int(10) unsigned,NO,PRI,auto_increment,
dms_crl_issuecategory,iId,char(50),NO,PRI,,
dms_crl_issuecategory,szId,varchar(50),NO,UNI,,
dms_crl_issuecategory,szName,varchar(50),NO,,,
dms_crl_issuecategory,szDescription,varchar(200),NO,,,
dms_crl_issuecategory,szUserCreatedId,varchar(20),NO,,,
dms_crl_issuecategory,szUserUpdatedId,varchar(20),NO,,,
dms_crl_issuecategory,dtmCreated,datetime,NO,,,
dms_crl_issuecategory,dtmLastUpdated,datetime,NO,,,
dms_crl_issuepriority,iInternalId,int(10) unsigned,NO,PRI,auto_increment,
dms_crl_issuepriority,iId,char(50),NO,PRI,,
dms_crl_issuepriority,szId,varchar(50),NO,UNI,,
dms_crl_issuepriority,szName,varchar(50),NO,,,
dms_crl_issuepriority,szDescription,varchar(200),NO,,,
dms_crl_issuepriority,szUserCreatedId,varchar(20),NO,,,
dms_crl_issuepriority,szUserUpdatedId,varchar(20),NO,,,
dms_crl_issuepriority,dtmCreated,datetime,NO,,,
dms_crl_issuepriority,dtmLastUpdated,datetime,NO,,,
dms_crl_responden,iInternalId,int(10) unsigned,NO,PRI,auto_increment,
dms_crl_responden,iId,char(50),NO,PRI,,
dms_crl_responden,szId,varchar(50),NO,UNI,,
dms_crl_responden,szName,varchar(50),NO,,,
dms_crl_responden,szDescription,varchar(200),NO,,,
dms_crl_responden,szUserCreatedId,varchar(20),NO,,,
dms_crl_responden,szUserUpdatedId,varchar(20),NO,,,
dms_crl_responden,dtmCreated,datetime,NO,,,
dms_crl_responden,dtmLastUpdated,datetime,NO,,,
dms_dailystock,ID,int(255),NO,PRI,,
dms_dailystock,DISTRIBUTOR,varchar(255),NO,,,
dms_dailystock,DEPO_ID,varchar(255),NO,,,
dms_dailystock,DEPO_NAME,varchar(255),NO,,,
dms_dailystock,WAREHOUSE_ID,varchar(255),NO,,,
dms_dailystock,PRODUCT_ID,varchar(255),NO,,,
dms_dailystock,PRODUCT_NAME,varchar(255),NO,,,
dms_dailystock,EXP_DATE,varchar(255),NO,,,
dms_dailystock,LOT,varchar(255),NO,,,
dms_dailystock,QUANTITY,int(255),NO,,,
dms_dailystock,UOM,varchar(255),NO,,,
dms_dailystock,LAST_UPDATED,datetime,NO,,,
dms_dailystock,CUTOFF_DATE,datetime,NO,,,
dms_fin_acccalendar,iInternalId,int(10) unsigned,NO,PRI,auto_increment,
dms_fin_acccalendar,iId,char(50),NO,PRI,,
dms_fin_acccalendar,szId,varchar(50),NO,UNI,,
dms_fin_acccalendar,szName,varchar(50),NO,,,
dms_fin_acccalendar,szDescription,varchar(200),NO,,,
dms_fin_acccalendar,szAccPeriodTypeId,varchar(50),NO,MUL,,
dms_fin_acccalendar,szUserCreatedId,varchar(20),NO,,,
dms_fin_acccalendar,szUserUpdatedId,varchar(20),NO,,,
dms_fin_acccalendar,dtmCreated,datetime,NO,,,
dms_fin_acccalendar,dtmLastUpdated,datetime,NO,,,
dms_fin_acccalendarperiod,iInternalId,int(10) unsigned,NO,PRI,auto_increment,
dms_fin_acccalendarperiod,iId,char(50),NO,PRI,,
dms_fin_acccalendarperiod,szAccCalendarId,varchar(50),NO,MUL,,
dms_fin_acccalendarperiod,intYear,int(10),NO,,,
dms_fin_acccalendarperiod,szPeriodName,varchar(50),NO,MUL,,
dms_fin_acccalendarperiod,dtmStart,datetime,NO,MUL,,
dms_fin_acccalendarperiod,dtmEnd,datetime,NO,MUL,,
dms_fin_acccalendarperiod,bAdjustmentPeriod,tinyint(3) unsigned,NO,,,
dms_fin_acccalendarperiod,szUserCreatedId,varchar(20),NO,,,
dms_fin_acccalendarperiod,szUserUpdatedId,varchar(20),NO,,,
dms_fin_acccalendarperiod,dtmCreated,datetime,NO,,,
dms_fin_acccalendarperiod,dtmLastUpdated,datetime,NO,,,
dms_fin_account,iInternalId,int(10) unsigned,NO,PRI,auto_increment,
dms_fin_account,iId,char(50),NO,PRI,,
dms_fin_account,szId,varchar(50),NO,UNI,,
dms_fin_account,szName,varchar(50),NO,,,
dms_fin_account,szDescription,varchar(200),NO,,,
dms_fin_account,bCashAccount,tinyint(3) unsigned,NO,MUL,,
dms_fin_account,szUserCreatedId,varchar(20),NO,,,
dms_fin_account,szUserUpdatedId,varchar(20),NO,,,
dms_fin_account,dtmCreated,datetime,NO,,,
dms_fin_account,dtmLastUpdated,datetime,NO,,,
dms_fin_account,category1,varchar(50),YES,,,
dms_fin_account,category2,varchar(50),YES,,,
dms_fin_account,category3,varchar(50),YES,,,
dms_fin_account,category4,varchar(50),YES,,,
dms_fin_accperiodtype,iInternalId,int(10) unsigned,NO,PRI,auto_increment,
dms_fin_accperiodtype,iId,char(50),NO,PRI,,
dms_fin_accperiodtype,szId,varchar(50),NO,UNI,,
dms_fin_accperiodtype,szName,varchar(50),NO,,,
dms_fin_accperiodtype,szDescription,varchar(200),NO,,,
dms_fin_accperiodtype,intPeriod,int(10),NO,,,
dms_fin_accperiodtype,szUserCreatedId,varchar(20),NO,,,
dms_fin_accperiodtype,szUserUpdatedId,varchar(20),NO,,,
dms_fin_accperiodtype,dtmCreated,datetime,NO,,,
dms_fin_accperiodtype,dtmLastUpdated,datetime,NO,,,
dms_fin_docjournal,iInternalId,int(10) unsigned,NO,PRI,auto_increment,
dms_fin_docjournal,iId,char(50),NO,PRI,,
dms_fin_docjournal,szDocId,varchar(50),NO,UNI,,
dms_fin_docjournal,dtmDoc,datetime,NO,MUL,,
dms_fin_docjournal,intPrintedCount,int(10),NO,,,
dms_fin_docjournal,szBranchId,varchar(50),NO,,,
dms_fin_docjournal,szCompanyId,varchar(50),NO,,,
dms_fin_docjournal,szDocStatus,varchar(50),NO,,,
dms_fin_docjournal,szUserCreatedId,varchar(20),NO,,,
dms_fin_docjournal,szUserUpdatedId,varchar(20),NO,,,
dms_fin_docjournal,dtmCreated,datetime,NO,,,
dms_fin_docjournal,dtmLastUpdated,datetime,NO,,,
dms_fin_docjournalitem,iInternalId,int(10) unsigned,NO,PRI,auto_increment,
dms_fin_docjournalitem,iId,char(50),NO,PRI,,
dms_fin_docjournalitem,szDocId,varchar(50),NO,MUL,,
dms_fin_docjournalitem,intItemNumber,int(10),NO,,,
dms_fin_docjournalitem,szAccountId,varchar(50),NO,MUL,,
dms_fin_docjournalitem,szSubAccountId,varchar(50),NO,MUL,,
dms_fin_docjournalitem,decDebit,"decimal(18,4)",NO,,,
dms_fin_docjournalitem,decCredit,"decimal(18,4)",NO,,,
dms_fin_docjournalitem,szDescription,varchar(500),NO,,,
dms_fin_journalcategory,iInternalId,int(10) unsigned,NO,PRI,auto_increment,
dms_fin_journalcategory,iId,char(50),NO,PRI,,
dms_fin_journalcategory,szId,varchar(50),NO,UNI,,
dms_fin_journalcategory,szName,varchar(50),NO,,,
dms_fin_journalcategory,szDescription,varchar(200),NO,,,
dms_fin_journalcategory,szUserCreatedId,varchar(20),NO,,,
dms_fin_journalcategory,szUserUpdatedId,varchar(20),NO,,,
dms_fin_journalcategory,dtmCreated,timestamp,NO,,on update CURRENT_TIMESTAMP,
dms_fin_journalcategory,dtmLastUpdated,timestamp,NO,,,
dms_fin_ledger,iInternalId,int(10) unsigned,NO,PRI,auto_increment,
dms_fin_ledger,iId,char(50),NO,PRI,,
dms_fin_ledger,szId,varchar(50),NO,UNI,,
dms_fin_ledger,szName,varchar(50),NO,,,
dms_fin_ledger,szDescription,varchar(200),NO,,,
dms_fin_ledger,szUserCreatedId,varchar(20),NO,,,
dms_fin_ledger,szUserUpdatedId,varchar(20),NO,,,
dms_fin_ledger,dtmCreated,timestamp,NO,,on update CURRENT_TIMESTAMP,
dms_fin_ledger,dtmLastUpdated,timestamp,NO,,,
dms_fin_subaccount,iInternalId,int(10) unsigned,NO,PRI,auto_increment,
dms_fin_subaccount,iId,char(50),NO,PRI,,
dms_fin_subaccount,szId,varchar(50),NO,UNI,,
dms_fin_subaccount,szName,varchar(50),NO,,,
dms_fin_subaccount,szDescription,varchar(200),NO,,,
dms_fin_subaccount,szUserCreatedId,varchar(20),NO,,,
dms_fin_subaccount,szUserUpdatedId,varchar(20),NO,,,
dms_fin_subaccount,dtmCreated,timestamp,NO,,on update CURRENT_TIMESTAMP,
dms_fin_subaccount,dtmLastUpdated,timestamp,NO,,,
dms_garuda_log,iInternalId,int(10) unsigned,NO,PRI,auto_increment,
dms_garuda_log,iId,char(50),NO,PRI,,
dms_garuda_log,szDocCallId,varchar(50),NO,MUL,,
dms_garuda_log,dtmDoc,datetime,NO,MUL,,
dms_garuda_log,szBranchId,varchar(50),NO,MUL,,
dms_garuda_log,szUrl,varchar(100),NO,,,
dms_garuda_log,szParam,varchar(500),NO,,,
dms_garuda_log,szStatus,varchar(50),NO,MUL,,
dms_garuda_log,szMessage,varchar(500),NO,,,
dms_garuda_log,visit_id,varchar(50),NO,MUL,,
dms_garuda_visitmapping,iInternalId,int(10) unsigned,NO,PRI,auto_increment,
dms_garuda_visitmapping,iId,char(50),NO,PRI,,
dms_garuda_visitmapping,szDocCallId,varchar(50),NO,MUL,,
dms_garuda_visitmapping,szCustomerId,varchar(50),NO,,,
dms_garuda_visitmapping,szVisitId,varchar(100),NO,,,
dms_gen_closing,iInternalId,int(10) unsigned,NO,PRI,auto_increment,
dms_gen_closing,iId,char(50),NO,PRI,,
dms_gen_closing,szBranchId,varchar(50),NO,MUL,,
dms_gen_closing,szClosingType,varchar(50),NO,,,
dms_gen_closing,dtmLastClosing,datetime,NO,MUL,,
dms_gen_closing,szUserCreatedId,varchar(20),NO,,,
dms_gen_closing,szUserUpdatedId,varchar(20),NO,,,
dms_gen_closing,dtmCreated,datetime,NO,,,
dms_gen_closing,dtmLastUpdated,datetime,NO,,,
dms_gen_currency,iInternalId,int(10) unsigned,NO,PRI,auto_increment,
dms_gen_currency,iId,char(50),NO,PRI,,
dms_gen_currency,szId,varchar(50),NO,UNI,,
dms_gen_currency,szName,varchar(50),NO,,,
dms_gen_currency,szDescription,varchar(200),NO,,,
dms_gen_currency,szFormat,varchar(50),NO,,,
dms_gen_currency,szUserCreatedId,varchar(20),NO,,,
dms_gen_currency,szUserUpdatedId,varchar(20),NO,,,
dms_gen_currency,dtmCreated,datetime,NO,,,
dms_gen_currency,dtmLastUpdated,datetime,NO,,,
dms_gen_currencyrate,iInternalId,int(10) unsigned,NO,PRI,auto_increment,
dms_gen_currencyrate,iId,char(50),NO,PRI,,
dms_gen_currencyrate,szId,varchar(50),NO,UNI,,
dms_gen_currencyrate,szName,varchar(50),NO,,,
dms_gen_currencyrate,szDescription,varchar(200),NO,,,
dms_gen_currencyrate,szUserCreatedId,varchar(20),NO,,,
dms_gen_currencyrate,szUserUpdatedId,varchar(20),NO,,,
dms_gen_currencyrate,dtmCreated,timestamp,NO,,on update CURRENT_TIMESTAMP,
dms_gen_currencyrate,dtmLastUpdated,timestamp,NO,,,
dms_gen_currencyratevalue,iInternalId,int(10) unsigned,NO,PRI,auto_increment,
dms_gen_currencyratevalue,iId,char(50),NO,PRI,,
dms_gen_currencyratevalue,szId,varchar(50),NO,UNI,,
dms_gen_currencyratevalue,szName,varchar(50),NO,,,
dms_gen_currencyratevalue,szDescription,varchar(200),NO,,,
dms_gen_currencyratevalue,szUserCreatedId,varchar(20),NO,,,
dms_gen_currencyratevalue,szUserUpdatedId,varchar(20),NO,,,
dms_gen_currencyratevalue,dtmCreated,datetime,NO,,,
dms_gen_currencyratevalue,dtmLastUpdated,datetime,NO,,,
dms_gen_currencyratevalueitem,iInternalId,int(10) unsigned,NO,PRI,auto_increment,
dms_gen_currencyratevalueitem,iId,char(50),NO,PRI,,
dms_gen_currencyratevalueitem,szId,varchar(50),NO,MUL,,
dms_gen_currencyratevalueitem,intItemNumber,int(10),NO,,,
dms_gen_currencyratevalueitem,szFromCurrencyId,varchar(50),NO,,,
dms_gen_currencyratevalueitem,szToCurrencyId,varchar(50),NO,,,
dms_gen_currencyratevalueitem,decConversion,"decimal(18,4)",NO,,,
dms_gen_geotree,iInternalId,int(10) unsigned,NO,PRI,auto_increment,
dms_gen_geotree,iId,char(50),NO,PRI,,
dms_gen_geotree,szProvince,varchar(50),NO,MUL,,
dms_gen_geotree,szCity,varchar(50),NO,MUL,,
dms_gen_geotree,szDistrict,varchar(50),NO,MUL,,
dms_gen_geotree,szSubDistrict,varchar(50),NO,MUL,,
dms_gen_geotree,szZipCode,varchar(50),NO,MUL,,
dms_gen_geotree,szUserCreatedId,varchar(20),NO,,,
dms_gen_geotree,szUserUpdatedId,varchar(20),NO,,,
dms_gen_geotree,dtmCreated,datetime,NO,,,
dms_gen_geotree,dtmLastUpdated,datetime,NO,,,
dms_gen_imagenfile,iInternalId,int(10) unsigned,NO,PRI,auto_increment,
dms_gen_imagenfile,iId,char(50),NO,PRI,,
dms_gen_imagenfile,szId,varchar(50),NO,MUL,,
dms_gen_imagenfile,szObjectId,varchar(50),NO,,,
dms_gen_imagenfile,szFileId,varchar(50),NO,,,
dms_gen_imagenfile,szName,varchar(50),NO,,,
dms_gen_imagenfile,szDescription,varchar(200),NO,,,
dms_gen_imagenfile,szImageFileType,varchar(50),NO,,,
dms_gen_imagenfile,szBase64,mediumtext,YES,,,
dms_gen_imagenfile,szImageSmall,mediumtext,YES,,,
dms_gen_imagenfile,szUserCreatedId,varchar(20),NO,,,
dms_gen_imagenfile,szUserUpdatedId,varchar(20),NO,,,
dms_gen_imagenfile,dtmCreated,datetime,NO,,,
dms_gen_imagenfile,dtmLastUpdated,datetime,NO,,,
dms_gen_reason,iInternalId,int(10) unsigned,NO,PRI,auto_increment,
dms_gen_reason,iId,char(50),NO,PRI,,
dms_gen_reason,szId,varchar(50),NO,UNI,,
dms_gen_reason,szName,varchar(50),NO,,,
dms_gen_reason,szDescription,varchar(200),NO,,,
dms_gen_reason,szReasonType,varchar(50),NO,MUL,,
dms_gen_reason,szUserCreatedId,varchar(20),NO,,,
dms_gen_reason,szUserUpdatedId,varchar(20),NO,,,
dms_gen_reason,dtmCreated,datetime,NO,,,
dms_gen_reason,dtmLastUpdated,datetime,NO,,,
dms_gen_taxtype,iInternalId,int(10) unsigned,NO,PRI,auto_increment,
dms_gen_taxtype,iId,char(50),NO,PRI,,
dms_gen_taxtype,szId,varchar(50),NO,UNI,,
dms_gen_taxtype,szName,varchar(50),NO,,,
dms_gen_taxtype,szDescription,varchar(200),NO,,,
dms_gen_taxtype,decTax,"decimal(18,4)",NO,,,
dms_gen_taxtype,szUserCreatedId,varchar(20),NO,,,
dms_gen_taxtype,szUserUpdatedId,varchar(20),NO,,,
dms_gen_taxtype,dtmCreated,datetime,NO,,,
dms_gen_taxtype,dtmLastUpdated,datetime,NO,,,
dms_inv_carrier,iInternalId,int(10) unsigned,NO,PRI,auto_increment,
dms_inv_carrier,iId,char(50),NO,PRI,,
dms_inv_carrier,szId,varchar(50),NO,UNI,,
dms_inv_carrier,szName,varchar(50),NO,,,
dms_inv_carrier,szDescription,varchar(200),NO,,,
dms_inv_carrier,szUserCreatedId,varchar(20),NO,,,
dms_inv_carrier,szUserUpdatedId,varchar(20),NO,,,
dms_inv_carrier,dtmCreated,datetime,NO,,,
dms_inv_carrier,dtmLastUpdated,datetime,NO,,,
dms_inv_carrierdriver,iInternalId,int(10) unsigned,NO,PRI,auto_increment,
dms_inv_carrierdriver,iId,char(50),NO,PRI,,
dms_inv_carrierdriver,szId,varchar(50),NO,MUL,,
dms_inv_carrierdriver,intItemNumber,int(10),NO,,,
dms_inv_carrierdriver,szDriverName,varchar(50),NO,,,
dms_inv_carriervehicle,iInternalId,int(10) unsigned,NO,PRI,auto_increment,
dms_inv_carriervehicle,iId,char(50),NO,PRI,,
dms_inv_carriervehicle,szId,varchar(50),NO,MUL,,
dms_inv_carriervehicle,intItemNumber,int(10),NO,,,
dms_inv_carriervehicle,szVehicleNo,varchar(50),NO,,,
dms_inv_carriervehicle,szDriverName,varchar(50),NO,,,
dms_inv_docemployeestockremain,iInternalId,int(10) unsigned,NO,PRI,auto_increment,
dms_inv_docemployeestockremain,iId,char(50),NO,PRI,,
dms_inv_docemployeestockremain,szDocId,varchar(50),NO,UNI,,
dms_inv_docemployeestockremain,dtmDoc,datetime,NO,MUL,,
dms_inv_docemployeestockremain,szEmployeeId,varchar(50),NO,MUL,,
dms_inv_docemployeestockremain,intPrintedCount,int(10),NO,,,
dms_inv_docemployeestockremain,szBranchId,varchar(50),NO,,,
dms_inv_docemployeestockremain,szCompanyId,varchar(50),NO,,,
dms_inv_docemployeestockremain,szDocStatus,varchar(50),NO,,,
dms_inv_docemployeestockremain,szUserCreatedId,varchar(20),NO,,,
dms_inv_docemployeestockremain,szUserUpdatedId,varchar(20),NO,,,
dms_inv_docemployeestockremain,dtmCreated,datetime,NO,,,
dms_inv_docemployeestockremain,dtmLastUpdated,datetime,NO,,,
dms_inv_docemployeestockremainitem,iInternalId,int(10) unsigned,NO,PRI,auto_increment,
dms_inv_docemployeestockremainitem,iId,char(50),NO,PRI,,
dms_inv_docemployeestockremainitem,szDocId,varchar(50),NO,MUL,,
dms_inv_docemployeestockremainitem,intItemNumber,int(10),NO,,,
dms_inv_docemployeestockremainitem,szProductId,varchar(50),NO,MUL,,
dms_inv_docemployeestockremainitem,decQty,"decimal(18,2)",NO,,,
dms_inv_docemployeestockremainitem,szUomId,varchar(50),NO,MUL,,
dms_inv_docproduct,iInternalId,int(10) unsigned,NO,PRI,auto_increment,
dms_inv_docproduct,iId,char(50),NO,PRI,,
dms_inv_docproduct,szDocId,varchar(50),NO,UNI,,
dms_inv_docproduct,dtmDoc,datetime,NO,MUL,,
dms_inv_docproduct,bNewData,tinyint(4),NO,MUL,,
dms_inv_docproduct,szDocFUpId,varchar(50),NO,MUL,,
dms_inv_docproduct,szId,varchar(50),NO,MUL,,
dms_inv_docproduct,szName,varchar(50),NO,,,
dms_inv_docproduct,szDescription,varchar(1000),NO,,,
dms_inv_docproduct,szTrackingType,varchar(10),NO,,,
dms_inv_docproduct,szUomId,varchar(50),NO,MUL,,
dms_inv_docproduct,bUseComposite,tinyint(3) unsigned,NO,,,
dms_inv_docproduct,bKit,tinyint(3) unsigned,NO,,,
dms_inv_docproduct,szQtyFormat,varchar(50),NO,,,
dms_inv_docproduct,szProductType,varchar(50),NO,MUL,,
dms_inv_docproduct,szNickName,varchar(25),NO,,,
dms_inv_docproduct,dtmStartDate,datetime,NO,MUL,,
dms_inv_docproduct,dtmEndDate,datetime,NO,MUL,,
dms_inv_docproduct,decToBox,"decimal(18,4)",NO,,,
dms_inv_docproduct,decToLiter,"decimal(18,4)",NO,,,
dms_inv_docproduct,decToKg,"decimal(18,4)",NO,,,
dms_inv_docproduct,intPrintedCount,int(10),NO,,,
dms_inv_docproduct,szBranchId,varchar(50),NO,MUL,,
dms_inv_docproduct,szCompanyId,varchar(50),NO,MUL,,
dms_inv_docproduct,szDocStatus,varchar(50),NO,MUL,,
dms_inv_docproduct,szUserCreatedId,varchar(20),NO,,,
dms_inv_docproduct,szUserUpdatedId,varchar(20),NO,,,
dms_inv_docproduct,dtmCreated,datetime,NO,,,
dms_inv_docproduct,dtmLastUpdated,datetime,NO,,,
dms_inv_docproductitemcategory,iInternalId,int(10) unsigned,NO,PRI,auto_increment,
dms_inv_docproductitemcategory,iId,char(50),NO,PRI,,
dms_inv_docproductitemcategory,szDocId,varchar(50),NO,MUL,,
dms_inv_docproductitemcategory,intItemNumber,int(10),NO,,,
dms_inv_docproductitemcategory,szId,varchar(50),NO,MUL,,
dms_inv_docproductitemcategory,szCategoryTypeId,varchar(50),NO,MUL,,
dms_inv_docproductitemcategory,szCategoryValue,varchar(50),NO,MUL,,
dms_inv_docproductkitinfo,iInternalId,int(10) unsigned,NO,PRI,auto_increment,
dms_inv_docproductkitinfo,iId,char(50),NO,PRI,,
dms_inv_docproductkitinfo,szDocId,varchar(50),NO,MUL,,
dms_inv_docproductkitinfo,szProductId,varchar(50),NO,,,
dms_inv_docproductkitinfo,decQty,"decimal(18,2)",NO,,,
dms_inv_docproductkitinfo,szUomId,varchar(50),NO,MUL,,
dms_inv_docproductsalesinfo,iInternalId,int(10) unsigned,NO,PRI,auto_increment,
dms_inv_docproductsalesinfo,iId,char(50),NO,PRI,,
dms_inv_docproductsalesinfo,szDocId,varchar(50),NO,UNI,,
dms_inv_docproductsalesinfo,szId,varchar(50),NO,MUL,,
dms_inv_docproductsalesinfo,bUsePriceWTax,tinyint(3) unsigned,NO,,,
dms_inv_docproductsalesinfo,decPrice,"decimal(18,4)",NO,,,
dms_inv_docproductsalesinfo,szUomId,varchar(50),NO,MUL,,
dms_inv_docproductsalesinfo,szOrderItemtypeId,varchar(50),NO,MUL,,
dms_inv_docproductsalesinfo,szDefaultUomId,varchar(50),NO,MUL,,
dms_inv_docproductsalesinfo,szTaxId,varchar(50),NO,MUL,,
dms_inv_docproductuomconversion,iInternalId,int(10) unsigned,NO,PRI,auto_increment,
dms_inv_docproductuomconversion,iId,char(50),NO,PRI,,
dms_inv_docproductuomconversion,szDocId,varchar(50),NO,MUL,,
dms_inv_docproductuomconversion,szId,varchar(50),NO,MUL,,
dms_inv_docproductuomconversion,szUomId,varchar(50),NO,MUL,,
dms_inv_docproductuomconversion,decConversion,"decimal(18,0)",NO,,,
dms_inv_docstockadjustment,iInternalId,int(10) unsigned,NO,PRI,auto_increment,
dms_inv_docstockadjustment,iId,char(50),NO,PRI,,
dms_inv_docstockadjustment,szDocId,varchar(50),NO,UNI,,
dms_inv_docstockadjustment,dtmDoc,datetime,NO,MUL,,
dms_inv_docstockadjustment,szRefTypeDoc,varchar(50),NO,MUL,,
dms_inv_docstockadjustment,szRefDocId,varchar(50),NO,MUL,,
dms_inv_docstockadjustment,szDescription,varchar(2000),NO,,,
dms_inv_docstockadjustment,intPrintedCount,int(10),NO,,,
dms_inv_docstockadjustment,szBranchId,varchar(50),NO,,,
dms_inv_docstockadjustment,szCompanyId,varchar(50),NO,,,
dms_inv_docstockadjustment,szDocStatus,varchar(50),NO,,,
dms_inv_docstockadjustment,szUserCreatedId,varchar(20),NO,,,
dms_inv_docstockadjustment,szUserUpdatedId,varchar(20),NO,,,
dms_inv_docstockadjustment,dtmCreated,datetime,NO,,,
dms_inv_docstockadjustment,dtmLastUpdated,datetime,NO,,,
dms_inv_docstockadjustmentitem,iInternalId,int(10) unsigned,NO,PRI,auto_increment,
dms_inv_docstockadjustmentitem,iId,char(50),NO,PRI,,
dms_inv_docstockadjustmentitem,szDocId,varchar(50),NO,MUL,,
dms_inv_docstockadjustmentitem,intItemNumber,int(10),NO,,,
dms_inv_docstockadjustmentitem,szProductId,varchar(50),NO,MUL,,
dms_inv_docstockadjustmentitem,decQty,"decimal(18,2)",NO,,,
dms_inv_docstockadjustmentitem,szUomId,varchar(50),NO,MUL,,
dms_inv_docstockcorrection,iInternalId,int(10) unsigned,NO,PRI,auto_increment,
dms_inv_docstockcorrection,iId,char(50),NO,PRI,,
dms_inv_docstockcorrection,szDocId,varchar(50),NO,UNI,,
dms_inv_docstockcorrection,dtmDoc,datetime,NO,MUL,,
dms_inv_docstockcorrection,szWarehouseId,varchar(50),NO,MUL,,
dms_inv_docstockcorrection,szStockType,varchar(50),NO,MUL,,
dms_inv_docstockcorrection,intPrintedCount,int(10),NO,,,
dms_inv_docstockcorrection,szBranchId,varchar(50),NO,,,
dms_inv_docstockcorrection,szCompanyId,varchar(50),NO,,,
dms_inv_docstockcorrection,szDocStatus,varchar(50),NO,,,
dms_inv_docstockcorrection,szUserCreatedId,varchar(20),NO,,,
dms_inv_docstockcorrection,szUserUpdatedId,varchar(20),NO,,,
dms_inv_docstockcorrection,dtmCreated,datetime,NO,,,
dms_inv_docstockcorrection,dtmLastUpdated,datetime,NO,,,
dms_inv_docstockcorrection,szDescription,text,NO,,,
dms_inv_docstockcorrectionitem,iInternalId,int(10) unsigned,NO,PRI,auto_increment,
dms_inv_docstockcorrectionitem,iId,char(50),NO,PRI,,
dms_inv_docstockcorrectionitem,szDocId,varchar(50),NO,MUL,,
dms_inv_docstockcorrectionitem,intItemNumber,int(10),NO,,,
dms_inv_docstockcorrectionitem,szProductId,varchar(50),NO,MUL,,
dms_inv_docstockcorrectionitem,decQty,"decimal(18,2)",NO,,,
dms_inv_docstockcorrectionitem,szUomId,varchar(50),NO,MUL,,
dms_inv_docstockinbranch,iInternalId,int(10) unsigned,NO,PRI,auto_increment,
dms_inv_docstockinbranch,iId,char(50),NO,PRI,,
dms_inv_docstockinbranch,szDocId,varchar(50),NO,UNI,,
dms_inv_docstockinbranch,dtmDoc,datetime,NO,MUL,,
dms_inv_docstockinbranch,szPartyId,varchar(50),NO,MUL,,
dms_inv_docstockinbranch,szWarehouseId,varchar(50),NO,MUL,,
dms_inv_docstockinbranch,szStockType,varchar(50),NO,MUL,,
dms_inv_docstockinbranch,szEmployeeId,varchar(50),NO,MUL,,
dms_inv_docstockinbranch,szVehicleId,varchar(50),NO,MUL,,
dms_inv_docstockinbranch,intPrintedCount,int(10),NO,,,
dms_inv_docstockinbranch,szBranchId,varchar(50),NO,,,
dms_inv_docstockinbranch,szCompanyId,varchar(50),NO,,,
dms_inv_docstockinbranch,szDocStatus,varchar(50),NO,,,
dms_inv_docstockinbranch,szUserCreatedId,varchar(20),NO,,,
dms_inv_docstockinbranch,szUserUpdatedId,varchar(20),NO,,,
dms_inv_docstockinbranch,dtmCreated,datetime,NO,,,
dms_inv_docstockinbranch,dtmLastUpdated,datetime,NO,,,
dms_inv_docstockinbranch,szDescription,varchar(500),NO,,,
dms_inv_docstockinbranchitem,iInternalId,int(10) unsigned,NO,PRI,auto_increment,
dms_inv_docstockinbranchitem,iId,char(50),NO,PRI,,
dms_inv_docstockinbranchitem,szDocId,varchar(50),NO,MUL,,
dms_inv_docstockinbranchitem,intItemNumber,int(10),NO,,,
dms_inv_docstockinbranchitem,szProductId,varchar(50),NO,MUL,,
dms_inv_docstockinbranchitem,decQty,"decimal(18,2)",NO,,,
dms_inv_docstockinbranchitem,szUomId,varchar(50),NO,MUL,,
dms_inv_docstockindistribution,iInternalId,int(10) unsigned,NO,PRI,auto_increment,
dms_inv_docstockindistribution,iId,char(50),NO,PRI,,
dms_inv_docstockindistribution,szDocId,varchar(50),NO,UNI,,
dms_inv_docstockindistribution,dtmDoc,datetime,NO,MUL,,
dms_inv_docstockindistribution,szEmployeeId,varchar(50),NO,MUL,,
dms_inv_docstockindistribution,szWarehouseId,varchar(50),NO,MUL,,
dms_inv_docstockindistribution,szStockType,varchar(50),NO,,,
dms_inv_docstockindistribution,intPrintedCount,int(10),NO,,,
dms_inv_docstockindistribution,szBranchId,varchar(50),NO,MUL,,
dms_inv_docstockindistribution,szCompanyId,varchar(50),NO,,,
dms_inv_docstockindistribution,szDocStatus,varchar(50),NO,MUL,,
dms_inv_docstockindistribution,szUserCreatedId,varchar(20),NO,,,
dms_inv_docstockindistribution,szUserUpdatedId,varchar(20),NO,,,
dms_inv_docstockindistribution,dtmCreated,datetime,NO,,,
dms_inv_docstockindistribution,dtmLastUpdated,datetime,NO,,,
dms_inv_docstockindistribution,szDescription,text,NO,,,
dms_inv_docstockindistribution,szVehicleId,varchar(50),NO,,,
dms_inv_docstockindistributionitem,iInternalId,int(10) unsigned,NO,PRI,auto_increment,
dms_inv_docstockindistributionitem,iId,char(50),NO,PRI,,
dms_inv_docstockindistributionitem,szDocId,varchar(50),NO,MUL,,
dms_inv_docstockindistributionitem,intItemNumber,int(10),NO,,,
dms_inv_docstockindistributionitem,szProductId,varchar(50),NO,MUL,,
dms_inv_docstockindistributionitem,decQty,"decimal(18,2)",NO,,,
dms_inv_docstockindistributionitem,szUomId,varchar(50),NO,MUL,,
dms_inv_docstockinsupplier,iInternalId,int(10) unsigned,NO,PRI,auto_increment,
dms_inv_docstockinsupplier,iId,char(50),NO,PRI,,
dms_inv_docstockinsupplier,szDocId,varchar(50),NO,UNI,,
dms_inv_docstockinsupplier,dtmDoc,datetime,NO,MUL,,
dms_inv_docstockinsupplier,szSupplierId,varchar(50),NO,,,
dms_inv_docstockinsupplier,szWarehouseId,varchar(50),NO,MUL,,
dms_inv_docstockinsupplier,szStockType,varchar(50),NO,MUL,,
dms_inv_docstockinsupplier,szRefDocId,varchar(50),NO,,,
dms_inv_docstockinsupplier,dtmDN,timestamp,NO,,,
dms_inv_docstockinsupplier,szCarrierId,varchar(50),NO,,,
dms_inv_docstockinsupplier,szVehicle,varchar(50),NO,,,
dms_inv_docstockinsupplier,szDriver,varchar(50),NO,,,
dms_inv_docstockinsupplier,szVehicle2,varchar(50),NO,,,
dms_inv_docstockinsupplier,szDriver2,varchar(50),NO,,,
dms_inv_docstockinsupplier,szRef1,varchar(50),NO,,,
dms_inv_docstockinsupplier,szRef2,varchar(50),NO,,,
dms_inv_docstockinsupplier,szRef3,varchar(50),NO,,,
dms_inv_docstockinsupplier,intShift,int(10),NO,,,
dms_inv_docstockinsupplier,intHelperCount,int(10),NO,,,
dms_inv_docstockinsupplier,intPrintedCount,int(10),NO,,,
dms_inv_docstockinsupplier,szBranchId,varchar(50),NO,,,
dms_inv_docstockinsupplier,szCompanyId,varchar(50),NO,,,
dms_inv_docstockinsupplier,szDocStatus,varchar(50),NO,,,
dms_inv_docstockinsupplier,szUserCreatedId,varchar(20),NO,,,
dms_inv_docstockinsupplier,szUserUpdatedId,varchar(20),NO,,,
dms_inv_docstockinsupplier,dtmCreated,datetime,NO,,,
dms_inv_docstockinsupplier,dtmLastUpdated,datetime,NO,,,
dms_inv_docstockinsupplier,szDescription,text,NO,,,
dms_inv_docstockinsupplier,bFromOTM,tinyint(3),NO,,,
dms_inv_docstockinsupplieritem,iInternalId,int(10) unsigned,NO,PRI,auto_increment,
dms_inv_docstockinsupplieritem,iId,char(50),NO,PRI,,
dms_inv_docstockinsupplieritem,szDocId,varchar(50),NO,MUL,,
dms_inv_docstockinsupplieritem,intItemNumber,int(10),NO,,,
dms_inv_docstockinsupplieritem,szProductId,varchar(50),NO,MUL,,
dms_inv_docstockinsupplieritem,decQty,"decimal(18,2)",NO,,,
dms_inv_docstockinsupplieritem,szUomId,varchar(50),NO,MUL,,
dms_inv_docstockinsupplierotm,iInternalId,int(10) unsigned,NO,PRI,auto_increment,
dms_inv_docstockinsupplierotm,iId,char(50),NO,PRI,,
dms_inv_docstockinsupplierotm,szDocId,varchar(50),NO,UNI,,
dms_inv_docstockinsupplierotm,dtmDoc,datetime,NO,MUL,,
dms_inv_docstockinsupplierotm,szSupplierId,varchar(50),NO,MUL,,
dms_inv_docstockinsupplierotm,szWarehouseId,varchar(50),NO,,,
dms_inv_docstockinsupplierotm,szStockType,varchar(50),NO,MUL,,
dms_inv_docstockinsupplierotm,szRefDocId,varchar(50),NO,,,
dms_inv_docstockinsupplierotm,intPrintedCount,int(10),NO,,,
dms_inv_docstockinsupplierotm,szBranchId,varchar(50),NO,MUL,,
dms_inv_docstockinsupplierotm,szCompanyId,varchar(50),NO,,,
dms_inv_docstockinsupplierotm,szDocStatus,varchar(50),NO,MUL,,
dms_inv_docstockinsupplierotm,szUserCreatedId,varchar(20),NO,,,
dms_inv_docstockinsupplierotm,szUserUpdatedId,varchar(20),NO,,,
dms_inv_docstockinsupplierotm,dtmCreated,datetime,NO,,,
dms_inv_docstockinsupplierotm,dtmLastUpdated,datetime,NO,,,
dms_inv_docstockinsupplierotmitem,iInternalId,int(10) unsigned,NO,PRI,auto_increment,
dms_inv_docstockinsupplierotmitem,iId,char(50),NO,PRI,,
dms_inv_docstockinsupplierotmitem,szDocId,varchar(50),NO,MUL,,
dms_inv_docstockinsupplierotmitem,intItemNumber,int(10),NO,,,
dms_inv_docstockinsupplierotmitem,szProductId,varchar(50),NO,MUL,,
dms_inv_docstockinsupplierotmitem,decQty,"decimal(18,2)",NO,,,
dms_inv_docstockinsupplierotmitem,szUomId,varchar(50),NO,MUL,,
dms_inv_docstockmorph,iInternalId,int(10) unsigned,NO,PRI,auto_increment,
dms_inv_docstockmorph,iId,char(50),NO,PRI,,
dms_inv_docstockmorph,szDocId,varchar(50),NO,UNI,,
dms_inv_docstockmorph,dtmDoc,datetime,NO,MUL,,
dms_inv_docstockmorph,szWarehouseId,varchar(50),NO,MUL,,
dms_inv_docstockmorph,szStockType,varchar(50),NO,MUL,,
dms_inv_docstockmorph,intPrintedCount,int(10),NO,,,
dms_inv_docstockmorph,szBranchId,varchar(50),NO,,,
dms_inv_docstockmorph,szCompanyId,varchar(50),NO,,,
dms_inv_docstockmorph,szDocStatus,varchar(50),NO,,,
dms_inv_docstockmorph,szUserCreatedId,varchar(20),NO,,,
dms_inv_docstockmorph,szUserUpdatedId,varchar(20),NO,,,
dms_inv_docstockmorph,dtmCreated,datetime,NO,,,
dms_inv_docstockmorph,dtmLastUpdated,datetime,NO,,,
dms_inv_docstockmorph,szDescription,varchar(500),NO,,,
dms_inv_docstockmorphitem,iInternalId,int(10) unsigned,NO,PRI,auto_increment,
dms_inv_docstockmorphitem,iId,char(50),NO,PRI,,
dms_inv_docstockmorphitem,szDocId,varchar(50),NO,MUL,,
dms_inv_docstockmorphitem,intItemNumber,int(10),NO,,,
dms_inv_docstockmorphitem,szProductId,varchar(50),NO,MUL,,
dms_inv_docstockmorphitem,decQty,"decimal(18,2)",NO,,,
dms_inv_docstockmorphitem,szUomId,varchar(50),NO,MUL,,
dms_inv_docstockmorphitem,szProductIdTo,varchar(50),NO,MUL,,
dms_inv_docstockmorphitem,decQtyTo,"decimal(18,2)",NO,,,
dms_inv_docstockmorphitem,szUomIdTo,varchar(50),NO,MUL,,
dms_inv_docstockoutbranch,iInternalId,int(10) unsigned,NO,PRI,auto_increment,
dms_inv_docstockoutbranch,iId,char(50),NO,PRI,,
dms_inv_docstockoutbranch,szDocId,varchar(50),NO,UNI,,
dms_inv_docstockoutbranch,dtmDoc,datetime,NO,MUL,,
dms_inv_docstockoutbranch,szPartyId,varchar(50),NO,MUL,,
dms_inv_docstockoutbranch,szWarehouseId,varchar(50),NO,MUL,,
dms_inv_docstockoutbranch,szStockType,varchar(50),NO,MUL,,
dms_inv_docstockoutbranch,szEmployeeId,varchar(50),NO,MUL,,
dms_inv_docstockoutbranch,szVehicleId,varchar(50),NO,MUL,,
dms_inv_docstockoutbranch,intPrintedCount,int(10),NO,,,
dms_inv_docstockoutbranch,szBranchId,varchar(50),NO,,,
dms_inv_docstockoutbranch,szCompanyId,varchar(50),NO,,,
dms_inv_docstockoutbranch,szDocStatus,varchar(50),NO,,,
dms_inv_docstockoutbranch,szUserCreatedId,varchar(20),NO,,,
dms_inv_docstockoutbranch,szUserUpdatedId,varchar(20),NO,,,
dms_inv_docstockoutbranch,dtmCreated,datetime,NO,,,
dms_inv_docstockoutbranch,dtmLastUpdated,datetime,NO,,,
dms_inv_docstockoutbranch,szDescription,varchar(500),NO,,,
dms_inv_docstockoutbranchitem,iInternalId,int(10) unsigned,NO,PRI,auto_increment,
dms_inv_docstockoutbranchitem,iId,char(50),NO,PRI,,
dms_inv_docstockoutbranchitem,szDocId,varchar(50),NO,MUL,,
dms_inv_docstockoutbranchitem,intItemNumber,int(10),NO,,,
dms_inv_docstockoutbranchitem,szProductId,varchar(50),NO,MUL,,
dms_inv_docstockoutbranchitem,decQty,"decimal(18,2)",NO,,,
dms_inv_docstockoutbranchitem,szUomId,varchar(50),NO,MUL,,
dms_inv_docstockoutcustomer,iInternalId,int(10) unsigned,NO,PRI,auto_increment,
dms_inv_docstockoutcustomer,iId,char(50),NO,PRI,,
dms_inv_docstockoutcustomer,szDocId,varchar(50),NO,UNI,,
dms_inv_docstockoutcustomer,dtmDoc,datetime,NO,MUL,,
dms_inv_docstockoutcustomer,szPartyId,varchar(50),NO,MUL,,
dms_inv_docstockoutcustomer,szWarehouseId,varchar(50),NO,,,
dms_inv_docstockoutcustomer,szStockType,varchar(50),NO,MUL,,
dms_inv_docstockoutcustomer,szDocDO,varchar(50),NO,MUL,,
dms_inv_docstockoutcustomer,szCarrier,varchar(50),NO,,,
dms_inv_docstockoutcustomer,szVehicle,varchar(50),NO,,,
dms_inv_docstockoutcustomer,szDriver,varchar(50),NO,,,
dms_inv_docstockoutcustomer,szDescription,text,NO,,,
dms_inv_docstockoutcustomer,intPrintedCount,int(10),NO,,,
dms_inv_docstockoutcustomer,szBranchId,varchar(50),NO,MUL,,
dms_inv_docstockoutcustomer,szCompanyId,varchar(50),NO,,,
dms_inv_docstockoutcustomer,szDocStatus,varchar(50),NO,MUL,,
dms_inv_docstockoutcustomer,szUserCreatedId,varchar(20),NO,,,
dms_inv_docstockoutcustomer,szUserUpdatedId,varchar(20),NO,,,
dms_inv_docstockoutcustomer,dtmCreated,datetime,NO,,,
dms_inv_docstockoutcustomer,dtmLastUpdated,datetime,NO,,,
dms_inv_docstockoutcustomeritem,iInternalId,int(10) unsigned,NO,PRI,auto_increment,
dms_inv_docstockoutcustomeritem,iId,char(50),NO,PRI,,
dms_inv_docstockoutcustomeritem,szDocId,varchar(50),NO,MUL,,
dms_inv_docstockoutcustomeritem,intItemNumber,int(10),NO,,,
dms_inv_docstockoutcustomeritem,szProductId,varchar(50),NO,MUL,,
dms_inv_docstockoutcustomeritem,decQty,"decimal(18,2)",NO,,,
dms_inv_docstockoutcustomeritem,szUomId,varchar(50),NO,MUL,,
dms_inv_docstockoutdistribution,iInternalId,int(10) unsigned,NO,PRI,auto_increment,
dms_inv_docstockoutdistribution,iId,char(50),NO,PRI,,
dms_inv_docstockoutdistribution,szDocId,varchar(50),NO,UNI,,
dms_inv_docstockoutdistribution,dtmDoc,datetime,NO,MUL,,
dms_inv_docstockoutdistribution,szEmployeeId,varchar(50),NO,MUL,,
dms_inv_docstockoutdistribution,szWarehouseId,varchar(50),NO,MUL,,
dms_inv_docstockoutdistribution,szStockType,varchar(50),NO,MUL,,
dms_inv_docstockoutdistribution,szDocPRId,varchar(50),NO,MUL,,
dms_inv_docstockoutdistribution,intPrintedCount,int(10),NO,,,
dms_inv_docstockoutdistribution,szBranchId,varchar(50),NO,MUL,,
dms_inv_docstockoutdistribution,szCompanyId,varchar(50),NO,,,
dms_inv_docstockoutdistribution,szDocStatus,varchar(50),NO,MUL,,
dms_inv_docstockoutdistribution,szUserCreatedId,varchar(20),NO,,,
dms_inv_docstockoutdistribution,szUserUpdatedId,varchar(20),NO,,,
dms_inv_docstockoutdistribution,dtmCreated,datetime,NO,,,
dms_inv_docstockoutdistribution,dtmLastUpdated,datetime,NO,,,
dms_inv_docstockoutdistribution,szDescription,text,NO,,,
dms_inv_docstockoutdistribution,szVehicleId,varchar(50),NO,,,
dms_inv_docstockoutdistributionitem,iInternalId,int(10) unsigned,NO,PRI,auto_increment,
dms_inv_docstockoutdistributionitem,iId,char(50),NO,PRI,,
dms_inv_docstockoutdistributionitem,szDocId,varchar(50),NO,MUL,,
dms_inv_docstockoutdistributionitem,intItemNumber,int(10),NO,,,
dms_inv_docstockoutdistributionitem,szProductId,varchar(50),NO,MUL,,
dms_inv_docstockoutdistributionitem,decQty,"decimal(18,2)",NO,,,
dms_inv_docstockoutdistributionitem,szUomId,varchar(50),NO,MUL,,
dms_inv_docstockoutdistributionpr,iInternalId,int(10) unsigned,NO,PRI,auto_increment,
dms_inv_docstockoutdistributionpr,iId,char(50),NO,PRI,,
dms_inv_docstockoutdistributionpr,szDocId,varchar(50),NO,MUL,,
dms_inv_docstockoutdistributionpr,szDocProductRequestId,varchar(50),NO,,,
dms_inv_docstockoutdistributionpritem,iInternalId,int(10) unsigned,NO,PRI,auto_increment,
dms_inv_docstockoutdistributionpritem,iId,char(50),NO,PRI,,
dms_inv_docstockoutdistributionpritem,szDocId,varchar(50),NO,MUL,,
dms_inv_docstockoutdistributionpritem,szDocProductRequestId,varchar(50),NO,,,
dms_inv_docstockoutdistributionpritem,szProductId,varchar(50),NO,,,
dms_inv_docstockoutdistributionpritem,decQty,"decimal(18,4)",NO,,,
dms_inv_docstockoutdistributionpritem,szUomId,varchar(50),NO,,,
dms_inv_docstockoutsupplier,iInternalId,int(10) unsigned,NO,PRI,auto_increment,
dms_inv_docstockoutsupplier,iId,char(50),NO,PRI,,
dms_inv_docstockoutsupplier,szDocId,varchar(50),NO,UNI,,
dms_inv_docstockoutsupplier,dtmDoc,datetime,NO,MUL,,
dms_inv_docstockoutsupplier,szSupplierId,varchar(50),NO,MUL,,
dms_inv_docstockoutsupplier,szWarehouseId,varchar(50),NO,MUL,,
dms_inv_docstockoutsupplier,szStockType,varchar(50),NO,MUL,,
dms_inv_docstockoutsupplier,szRefDocId,varchar(50),NO,MUL,,
dms_inv_docstockoutsupplier,dtmDN,timestamp,NO,,,
dms_inv_docstockoutsupplier,szCarrierId,varchar(50),NO,,,
dms_inv_docstockoutsupplier,szVehicle,varchar(50),NO,,,
dms_inv_docstockoutsupplier,szDriver,varchar(50),NO,,,
dms_inv_docstockoutsupplier,szVehicle2,varchar(50),NO,,,
dms_inv_docstockoutsupplier,szDriver2,varchar(50),NO,,,
dms_inv_docstockoutsupplier,szRef1,varchar(50),NO,,,
dms_inv_docstockoutsupplier,szRef2,varchar(50),NO,,,
dms_inv_docstockoutsupplier,szRef3,varchar(50),NO,,,
dms_inv_docstockoutsupplier,intShift,int(10),NO,,,
dms_inv_docstockoutsupplier,intHelperCount,int(10),NO,,,
dms_inv_docstockoutsupplier,intPrintedCount,int(10),NO,,,
dms_inv_docstockoutsupplier,szBranchId,varchar(50),NO,MUL,,
dms_inv_docstockoutsupplier,szCompanyId,varchar(50),NO,,,
dms_inv_docstockoutsupplier,szDocStatus,varchar(50),NO,MUL,,
dms_inv_docstockoutsupplier,szUserCreatedId,varchar(20),NO,,,
dms_inv_docstockoutsupplier,szUserUpdatedId,varchar(20),NO,,,
dms_inv_docstockoutsupplier,dtmCreated,datetime,NO,,,
dms_inv_docstockoutsupplier,dtmLastUpdated,datetime,NO,,,
dms_inv_docstockoutsupplier,szDescription,text,NO,,,
dms_inv_docstockoutsupplieritem,iInternalId,int(10) unsigned,NO,PRI,auto_increment,
dms_inv_docstockoutsupplieritem,iId,char(50),NO,PRI,,
dms_inv_docstockoutsupplieritem,szDocId,varchar(50),NO,MUL,,
dms_inv_docstockoutsupplieritem,intItemNumber,int(10),NO,,,
dms_inv_docstockoutsupplieritem,szProductId,varchar(50),NO,MUL,,
dms_inv_docstockoutsupplieritem,decQty,"decimal(18,2)",NO,,,
dms_inv_docstockoutsupplieritem,szUomId,varchar(50),NO,MUL,,
dms_inv_docstockrejection,iInternalId,int(10) unsigned,NO,PRI,auto_increment,
dms_inv_docstockrejection,iId,char(50),NO,PRI,,
dms_inv_docstockrejection,szDocId,varchar(50),NO,UNI,,
dms_inv_docstockrejection,dtmDoc,datetime,NO,MUL,,
dms_inv_docstockrejection,szWarehouseId,varchar(50),NO,MUL,,
dms_inv_docstockrejection,szStockType,varchar(50),NO,MUL,,
dms_inv_docstockrejection,intPrintedCount,int(10),NO,,,
dms_inv_docstockrejection,szBranchId,varchar(50),NO,,,
dms_inv_docstockrejection,szCompanyId,varchar(50),NO,,,
dms_inv_docstockrejection,szDocStatus,varchar(50),NO,,,
dms_inv_docstockrejection,szUserCreatedId,varchar(20),NO,,,
dms_inv_docstockrejection,szUserUpdatedId,varchar(20),NO,,,
dms_inv_docstockrejection,dtmCreated,datetime,NO,,,
dms_inv_docstockrejection,dtmLastUpdated,datetime,NO,,,
dms_inv_docstockrejectionitem,iInternalId,int(10) unsigned,NO,PRI,auto_increment,
dms_inv_docstockrejectionitem,iId,char(50),NO,PRI,,
dms_inv_docstockrejectionitem,szDocId,varchar(50),NO,MUL,,
dms_inv_docstockrejectionitem,intItemNumber,int(10),NO,,,
dms_inv_docstockrejectionitem,szProductId,varchar(50),NO,MUL,,
dms_inv_docstockrejectionitem,decQty,"decimal(18,2)",NO,,,
dms_inv_docstockrejectionitem,szUomId,varchar(50),NO,MUL,,
dms_inv_docstockscrapping,iInternalId,int(10) unsigned,NO,PRI,auto_increment,
dms_inv_docstockscrapping,iId,char(50),NO,PRI,,
dms_inv_docstockscrapping,szDocId,varchar(50),NO,UNI,,
dms_inv_docstockscrapping,dtmDoc,datetime,NO,,,
dms_inv_docstockscrapping,szWarehouseId,varchar(50),NO,MUL,,
dms_inv_docstockscrapping,szStockType,varchar(50),NO,MUL,,
dms_inv_docstockscrapping,szDescription,text,NO,,,
dms_inv_docstockscrapping,intPrintedCount,int(10),NO,,,
dms_inv_docstockscrapping,szBranchId,varchar(50),NO,,,
dms_inv_docstockscrapping,szCompanyId,varchar(50),NO,,,
dms_inv_docstockscrapping,szDocStatus,varchar(50),NO,,,
dms_inv_docstockscrapping,szUserCreatedId,varchar(20),NO,,,
dms_inv_docstockscrapping,szUserUpdatedId,varchar(20),NO,,,
dms_inv_docstockscrapping,dtmCreated,datetime,NO,,,
dms_inv_docstockscrapping,dtmLastUpdated,datetime,NO,,,
dms_inv_docstockscrappingitem,iInternalId,int(10) unsigned,NO,PRI,auto_increment,
dms_inv_docstockscrappingitem,iId,char(50),NO,PRI,,
dms_inv_docstockscrappingitem,szDocId,varchar(50),NO,MUL,,
dms_inv_docstockscrappingitem,intItemNumber,int(10),NO,,,
dms_inv_docstockscrappingitem,szProductId,varchar(50),NO,MUL,,
dms_inv_docstockscrappingitem,decQty,"decimal(18,2)",NO,,,
dms_inv_docstockscrappingitem,szUomId,varchar(50),NO,MUL,,
dms_inv_docstocktrfbetweenvehicle,iInternalId,int(10) unsigned,NO,PRI,auto_increment,
dms_inv_docstocktrfbetweenvehicle,iId,char(50),NO,PRI,,
dms_inv_docstocktrfbetweenvehicle,szDocId,varchar(50),NO,UNI,,
dms_inv_docstocktrfbetweenvehicle,dtmDoc,datetime,NO,MUL,,
dms_inv_docstocktrfbetweenvehicle,szVehicleId,varchar(50),NO,MUL,,
dms_inv_docstocktrfbetweenvehicle,szDriverId,varchar(50),NO,MUL,,
dms_inv_docstocktrfbetweenvehicle,szVehicleId2,varchar(50),NO,MUL,,
dms_inv_docstocktrfbetweenvehicle,szDriverId2,varchar(50),NO,MUL,,
dms_inv_docstocktrfbetweenvehicle,intPrintedCount,int(10),NO,,,
dms_inv_docstocktrfbetweenvehicle,szBranchId,varchar(50),NO,,,
dms_inv_docstocktrfbetweenvehicle,szCompanyId,varchar(50),NO,,,
dms_inv_docstocktrfbetweenvehicle,szDocStatus,varchar(50),NO,,,
dms_inv_docstocktrfbetweenvehicle,szUserCreatedId,varchar(20),NO,,,
dms_inv_docstocktrfbetweenvehicle,szUserUpdatedId,varchar(20),NO,,,
dms_inv_docstocktrfbetweenvehicle,dtmCreated,datetime,NO,,,
dms_inv_docstocktrfbetweenvehicle,dtmLastUpdated,datetime,NO,,,
dms_inv_docstocktrfbetweenvehicle,szDescription,text,NO,,,
dms_inv_docstocktrfbetweenvehicleitem,iInternalId,int(10) unsigned,NO,PRI,auto_increment,
dms_inv_docstocktrfbetweenvehicleitem,iId,char(50),NO,PRI,,
dms_inv_docstocktrfbetweenvehicleitem,szDocId,varchar(50),NO,MUL,,
dms_inv_docstocktrfbetweenvehicleitem,intItemNumber,int(10),NO,,,
dms_inv_docstocktrfbetweenvehicleitem,szProductId,varchar(50),NO,MUL,,
dms_inv_docstocktrfbetweenvehicleitem,decQty,"decimal(18,2)",NO,,,
dms_inv_docstocktrfbetweenvehicleitem,szUomId,varchar(50),NO,MUL,,
dms_inv_docstocktrfbetweenwarehouse,iInternalId,int(10) unsigned,NO,PRI,auto_increment,
dms_inv_docstocktrfbetweenwarehouse,iId,char(50),NO,PRI,,
dms_inv_docstocktrfbetweenwarehouse,szDocId,varchar(50),NO,UNI,,
dms_inv_docstocktrfbetweenwarehouse,dtmDoc,datetime,NO,MUL,,
dms_inv_docstocktrfbetweenwarehouse,szWarehouseId,varchar(50),NO,MUL,,
dms_inv_docstocktrfbetweenwarehouse,szStockType,varchar(50),NO,MUL,,
dms_inv_docstocktrfbetweenwarehouse,szWarehouseId2,varchar(50),NO,MUL,,
dms_inv_docstocktrfbetweenwarehouse,szStockType2,varchar(50),NO,MUL,,
dms_inv_docstocktrfbetweenwarehouse,intPrintedCount,int(10),NO,,,
dms_inv_docstocktrfbetweenwarehouse,szBranchId,varchar(50),NO,,,
dms_inv_docstocktrfbetweenwarehouse,szCompanyId,varchar(50),NO,,,
dms_inv_docstocktrfbetweenwarehouse,szDocStatus,varchar(50),NO,,,
dms_inv_docstocktrfbetweenwarehouse,szUserCreatedId,varchar(20),NO,,,
dms_inv_docstocktrfbetweenwarehouse,szUserUpdatedId,varchar(20),NO,,,
dms_inv_docstocktrfbetweenwarehouse,dtmCreated,datetime,NO,,,
dms_inv_docstocktrfbetweenwarehouse,dtmLastUpdated,datetime,NO,,,
dms_inv_docstocktrfbetweenwarehouse,szDescription,text,NO,,,
dms_inv_docstocktrfbetweenwarehouseitem,iInternalId,int(10) unsigned,NO,PRI,auto_increment,
dms_inv_docstocktrfbetweenwarehouseitem,iId,char(50),NO,PRI,,
dms_inv_docstocktrfbetweenwarehouseitem,szDocId,varchar(50),NO,MUL,,
dms_inv_docstocktrfbetweenwarehouseitem,intItemNumber,int(10),NO,,,
dms_inv_docstocktrfbetweenwarehouseitem,szProductId,varchar(50),NO,MUL,,
dms_inv_docstocktrfbetweenwarehouseitem,decQty,"decimal(18,2)",NO,,,
dms_inv_docstocktrfbetweenwarehouseitem,szUomId,varchar(50),NO,MUL,,
dms_inv_docvehicle,iInternalId,int(10) unsigned,NO,PRI,auto_increment,
dms_inv_docvehicle,iId,char(50),NO,PRI,,
dms_inv_docvehicle,szDocId,varchar(50),NO,UNI,,
dms_inv_docvehicle,dtmDoc,datetime,NO,MUL,,
dms_inv_docvehicle,szBranchIdVehicle,varchar(50),NO,MUL,,
dms_inv_docvehicle,bNewData,tinyint(4),NO,MUL,,
dms_inv_docvehicle,szDocFUpId,varchar(50),NO,MUL,,
dms_inv_docvehicle,szId,varchar(50),NO,MUL,,
dms_inv_docvehicle,szName,varchar(50),NO,,,
dms_inv_docvehicle,szDescription,varchar(200),NO,,,
dms_inv_docvehicle,szPoliceNo,varchar(50),NO,,,
dms_inv_docvehicle,szChassisNo,varchar(50),NO,,,
dms_inv_docvehicle,szMachineNo,varchar(50),NO,,,
dms_inv_docvehicle,decWeight,"decimal(18,4)",NO,,,
dms_inv_docvehicle,decVolume,"decimal(18,4)",NO,,,
dms_inv_docvehicle,szVehicleTypeId,varchar(50),NO,MUL,,
dms_inv_docvehicle,dtmVehicleLicense,datetime,NO,,,
dms_inv_docvehicle,szUserCreatedId,varchar(20),NO,,,
dms_inv_docvehicle,szUserUpdatedId,varchar(20),NO,,,
dms_inv_docvehicle,dtmCreated,datetime,NO,,,
dms_inv_docvehicle,dtmLastUpdated,datetime,NO,,,
dms_inv_docvehicle,szVariantTypeId,varchar(50),NO,MUL,,
dms_inv_docvehicle,szProductTypeId,varchar(50),NO,MUL,,
dms_inv_docvehicle,szLoadingTypeId,varchar(50),NO,MUL,,
dms_inv_docvehicle,szCleareanceTypeId,varchar(50),NO,MUL,,
dms_inv_docvehicle,szStatus,varchar(50),NO,MUL,,
dms_inv_docvehicle,intPrintedCount,int(10),NO,,,
dms_inv_docvehicle,szBranchId,varchar(50),NO,MUL,,
dms_inv_docvehicle,szCompanyId,varchar(50),NO,MUL,,
dms_inv_docvehicle,szDocStatus,varchar(50),NO,MUL,,
dms_inv_docvehicleitemcategory,iInternalId,int(10) unsigned,NO,PRI,auto_increment,
dms_inv_docvehicleitemcategory,iId,char(50),NO,PRI,,
dms_inv_docvehicleitemcategory,szDocId,varchar(50),NO,MUL,,
dms_inv_docvehicleitemcategory,intItemNumber,int(10),NO,,,
dms_inv_docvehicleitemcategory,szId,varchar(50),NO,MUL,,
dms_inv_docvehicleitemcategory,szCategoryTypeId,varchar(50),NO,MUL,,
dms_inv_docvehicleitemcategory,szCategoryValue,varchar(50),NO,MUL,,
dms_inv_docwarehouseclosing,iInternalId,int(10) unsigned,NO,PRI,auto_increment,
dms_inv_docwarehouseclosing,iId,char(50),NO,PRI,,
dms_inv_docwarehouseclosing,szDocId,varchar(50),NO,UNI,,
dms_inv_docwarehouseclosing,dtmDoc,datetime,NO,MUL,,
dms_inv_docwarehouseclosing,szWarehouseId,varchar(50),NO,,,
dms_inv_docwarehouseclosing,intPrintedCount,int(10),NO,,,
dms_inv_docwarehouseclosing,szBranchId,varchar(50),NO,,,
dms_inv_docwarehouseclosing,szCompanyId,varchar(50),NO,,,
dms_inv_docwarehouseclosing,szDocStatus,varchar(50),NO,,,
dms_inv_docwarehouseclosing,szUserCreatedId,varchar(20),NO,,,
dms_inv_docwarehouseclosing,szUserUpdatedId,varchar(20),NO,,,
dms_inv_docwarehouseclosing,dtmCreated,datetime,NO,,,
dms_inv_docwarehouseclosing,dtmLastUpdated,datetime,NO,,,
dms_inv_docwarehouseclosing,szDescription,varchar(8000),NO,,,
dms_inv_docwarehouseclosingitem,iInternalId,int(10) unsigned,NO,PRI,auto_increment,
dms_inv_docwarehouseclosingitem,iId,char(50),NO,PRI,,
dms_inv_docwarehouseclosingitem,szDocId,varchar(50),NO,MUL,,
dms_inv_docwarehouseclosingitem,intItemNumber,int(10),NO,,,
dms_inv_docwarehouseclosingitem,szStockTypeId,varchar(50),NO,MUL,,
dms_inv_docwarehouseclosingitem,szProductId,varchar(50),NO,MUL,,
dms_inv_docwarehouseclosingitem,decQty,"decimal(18,2)",NO,,,
dms_inv_docwarehouseclosingitem,szUomId,varchar(50),NO,MUL,,
dms_inv_docwarehouseclosingitem,decLastClosing,"decimal(18,4)",NO,,,
dms_inv_docwarehouseclosingitem,decMutation,"decimal(18,4)",NO,,,
dms_inv_docwarehouseclosingitemdetail,iInternalId,int(10) unsigned,NO,PRI,auto_increment,
dms_inv_docwarehouseclosingitemdetail,iId,char(50),NO,PRI,,
dms_inv_docwarehouseclosingitemdetail,szDocId,varchar(50),NO,MUL,,
dms_inv_docwarehouseclosingitemdetail,intItemNumber,int(10),NO,,,
dms_inv_docwarehouseclosingitemdetail,intItemDetailNumber,int(10),NO,,,
dms_inv_docwarehouseclosingitemdetail,szTrnId,varchar(50),NO,MUL,,
dms_inv_docwarehouseclosingitemdetail,szRefDocId,varchar(50),NO,MUL,,
dms_inv_docwarehouseclosingitemdetail,decQty,"decimal(18,2)",NO,,,
dms_inv_docwarehouseclosingitemdetail,szUomId,varchar(50),NO,MUL,,
dms_inv_lotinfo,iInternalId,int(10) unsigned,NO,PRI,auto_increment,
dms_inv_lotinfo,iId,char(50),NO,PRI,,
dms_inv_lotinfo,szLotId,varchar(50),NO,MUL,,
dms_inv_lotinfo,szProductId,varchar(50),NO,,,
dms_inv_lotinfo,dtmExpired,timestamp,NO,MUL,on update CURRENT_TIMESTAMP,
dms_inv_lotinfo,szUserCreatedId,varchar(20),NO,,,
dms_inv_lotinfo,szUserUpdatedId,varchar(20),NO,,,
dms_inv_lotinfo,dtmCreated,datetime,NO,,,
dms_inv_lotinfo,dtmLastUpdated,datetime,NO,,,
dms_inv_lotinfodocument,iInternalId,int(10) unsigned,NO,PRI,auto_increment,
dms_inv_lotinfodocument,iId,char(50),NO,PRI,,
dms_inv_lotinfodocument,szObjectId,varchar(50),NO,MUL,,
dms_inv_lotinfodocument,szDocId,varchar(50),NO,,,
dms_inv_lotinfodocument,intItemNumber,int(10),NO,,,
dms_inv_lotinfodocument,szLotId,varchar(50),NO,,,
dms_inv_lotinfodocument,szProductId,varchar(50),NO,MUL,,
dms_inv_lotinfodocument,dtmExpired,timestamp,NO,,on update CURRENT_TIMESTAMP,
dms_inv_lotinfodocument,decQty,"decimal(18,4)",NO,,,
dms_inv_lotinfodocument,szUserCreatedId,varchar(20),NO,,,
dms_inv_lotinfodocument,szUserUpdatedId,varchar(20),NO,,,
dms_inv_lotinfodocument,dtmCreated,datetime,NO,,,
dms_inv_lotinfodocument,dtmLastUpdated,datetime,NO,,,
dms_inv_product,iInternalId,int(10) unsigned,NO,PRI,auto_increment,
dms_inv_product,iId,char(50),NO,PRI,,
dms_inv_product,szId,varchar(50),NO,UNI,,
dms_inv_product,szName,varchar(50),NO,MUL,,
dms_inv_product,szDescription,varchar(1000),NO,,,
dms_inv_product,szTrackingType,varchar(10),NO,,,
dms_inv_product,szUomId,varchar(50),NO,MUL,,
dms_inv_product,bUseComposite,tinyint(3) unsigned,NO,,,
dms_inv_product,bKit,tinyint(3) unsigned,NO,,,
dms_inv_product,szQtyFormat,varchar(50),NO,,,
dms_inv_product,szProductType,varchar(50),NO,MUL,,
dms_inv_product,szNickName,varchar(50),YES,,,
dms_inv_product,dtmStartDate,datetime,NO,MUL,,
dms_inv_product,dtmEndDate,datetime,NO,MUL,,
dms_inv_product,szUserCreatedId,varchar(20),NO,,,
dms_inv_product,szUserUpdatedId,varchar(20),NO,,,
dms_inv_product,dtmCreated,datetime,NO,,,
dms_inv_product,dtmLastUpdated,datetime,NO,,,
dms_inv_product,decToBox,"decimal(18,4)",NO,,,
dms_inv_product,decToLiter,"decimal(18,4)",NO,,,
dms_inv_product,decToKg,"decimal(18,4)",NO,,,
dms_inv_product,decWeight,"decimal(18,4)",NO,,,
dms_inv_product,decVolume,"decimal(18,4)",NO,,,
dms_inv_product,decSplitQty,"decimal(18,4)",NO,,,
dms_inv_productcategory,iInternalId,int(10) unsigned,NO,PRI,auto_increment,
dms_inv_productcategory,iId,char(50),NO,PRI,,
dms_inv_productcategory,szId,varchar(50),NO,UNI,,
dms_inv_productcategory,szName,varchar(50),NO,,,
dms_inv_productcategory,szDescription,varchar(200),NO,,,
dms_inv_productcategory,szCategoryTypeId,varchar(50),NO,MUL,,
dms_inv_productcategory,szUserCreatedId,varchar(20),NO,,,
dms_inv_productcategory,szUserUpdatedId,varchar(20),NO,,,
dms_inv_productcategory,dtmCreated,datetime,NO,,,
dms_inv_productcategory,dtmLastUpdated,datetime,NO,,,
dms_inv_productcategorytype,iInternalId,int(10) unsigned,NO,PRI,auto_increment,
dms_inv_productcategorytype,iId,char(50),NO,PRI,,
dms_inv_productcategorytype,szId,varchar(50),NO,UNI,,
dms_inv_productcategorytype,szName,varchar(50),NO,,,
dms_inv_productcategorytype,szDescription,varchar(200),NO,,,
dms_inv_productcategorytype,bUseForPriceCalc,tinyint(3) unsigned,NO,,,
dms_inv_productcategorytype,szUserCreatedId,varchar(20),NO,,,
dms_inv_productcategorytype,szUserUpdatedId,varchar(20),NO,,,
dms_inv_productcategorytype,dtmCreated,datetime,NO,,,
dms_inv_productcategorytype,dtmLastUpdated,datetime,NO,,,
dms_inv_productitemcategory,iInternalId,int(10) unsigned,NO,PRI,auto_increment,
dms_inv_productitemcategory,iId,char(50),NO,PRI,,
dms_inv_productitemcategory,szId,varchar(50),NO,MUL,,
dms_inv_productitemcategory,intItemNumber,int(10),NO,,,
dms_inv_productitemcategory,szCategoryTypeId,varchar(50),NO,MUL,,
dms_inv_productitemcategory,szCategoryValue,varchar(50),NO,MUL,,
dms_inv_productkitinfo,iInternalId,int(10) unsigned,NO,PRI,auto_increment,
dms_inv_productkitinfo,iId,char(50),NO,PRI,,
dms_inv_productkitinfo,szId,varchar(50),NO,MUL,,
dms_inv_productkitinfo,szProductId,varchar(50),NO,,,
dms_inv_productkitinfo,decQty,"decimal(18,2)",NO,,,
dms_inv_productkitinfo,szUomId,varchar(50),NO,MUL,,
dms_inv_productpricebybranch,iInternalId,int(10) unsigned,NO,PRI,auto_increment,
dms_inv_productpricebybranch,iId,char(50),NO,PRI,,
dms_inv_productpricebybranch,szBranchId,varchar(50),NO,MUL,,
dms_inv_productpricebybranch,szProductId,varchar(50),NO,,,
dms_inv_productpricebybranch,decPrice,"decimal(18,2)",NO,,,
dms_inv_productpricebybranch,szUserCreatedId,varchar(20),NO,,,
dms_inv_productpricebybranch,szUserUpdatedId,varchar(20),NO,,,
dms_inv_productpricebybranch,dtmCreated,datetime,NO,,,
dms_inv_productpricebybranch,dtmLastUpdated,datetime,NO,,,
dms_inv_productsalesinfo,iInternalId,int(10) unsigned,NO,PRI,auto_increment,
dms_inv_productsalesinfo,iId,char(50),NO,PRI,,
dms_inv_productsalesinfo,szId,varchar(50),NO,UNI,,
dms_inv_productsalesinfo,bUsePriceWTax,tinyint(3) unsigned,NO,,,
dms_inv_productsalesinfo,decPrice,"decimal(18,4)",NO,,,
dms_inv_productsalesinfo,szUomId,varchar(50),NO,MUL,,
dms_inv_productsalesinfo,szOrderItemtypeId,varchar(50),NO,MUL,,
dms_inv_productsalesinfo,szDefaultUomId,varchar(50),NO,MUL,,
dms_inv_productsalesinfo,szTaxId,varchar(50),NO,MUL,,
dms_inv_producttype,iInternalId,int(10) unsigned,NO,PRI,auto_increment,
dms_inv_producttype,iId,char(50),NO,PRI,,
dms_inv_producttype,szId,varchar(50),NO,UNI,,
dms_inv_producttype,szName,varchar(50),NO,,,
dms_inv_producttype,szDescription,varchar(500),NO,,,
dms_inv_producttype,szProductTypeId,varchar(50),NO,MUL,,
dms_inv_producttype,szUserCreatedId,varchar(20),NO,,,
dms_inv_producttype,szUserUpdatedId,varchar(20),NO,,,
dms_inv_producttype,dtmCreated,datetime,NO,,,
dms_inv_producttype,dtmLastUpdated,datetime,NO,,,
dms_inv_productuomconversion,iInternalId,int(10) unsigned,NO,PRI,auto_increment,
dms_inv_productuomconversion,iId,char(50),NO,PRI,,
dms_inv_productuomconversion,szId,varchar(50),NO,MUL,,
dms_inv_productuomconversion,szUomId,varchar(50),NO,MUL,,
dms_inv_productuomconversion,decConversion,"decimal(18,0)",NO,,,
dms_inv_sninfo,iInternalId,int(10) unsigned,NO,PRI,auto_increment,
dms_inv_sninfo,iId,char(50),NO,PRI,,
dms_inv_sninfo,szSNId,varchar(50),NO,MUL,,
dms_inv_sninfo,szProductId,varchar(50),NO,,,
dms_inv_sninfo,szUserCreatedId,varchar(20),NO,,,
dms_inv_sninfo,szUserUpdatedId,varchar(20),NO,,,
dms_inv_sninfo,dtmCreated,datetime,NO,,,
dms_inv_sninfo,dtmLastUpdated,datetime,NO,,,
dms_inv_sninfodocument,iInternalId,int(10) unsigned,NO,PRI,auto_increment,
dms_inv_sninfodocument,iId,char(50),NO,PRI,,
dms_inv_sninfodocument,szObjectId,varchar(50),NO,MUL,,
dms_inv_sninfodocument,szDocId,varchar(50),NO,,,
dms_inv_sninfodocument,intItemNumber,int(10),NO,,,
dms_inv_sninfodocument,szSnId,varchar(50),NO,,,
dms_inv_sninfodocument,szProductId,varchar(50),NO,MUL,,
dms_inv_sninfodocument,decQty,"decimal(18,4)",NO,,,
dms_inv_sninfodocument,szUserCreatedId,varchar(20),NO,,,
dms_inv_sninfodocument,szUserUpdatedId,varchar(20),NO,,,
dms_inv_sninfodocument,dtmCreated,datetime,NO,,,
dms_inv_sninfodocument,dtmLastUpdated,datetime,NO,,,
dms_inv_stockadjustmentrefdoc,iInternalId,int(10) unsigned,NO,PRI,auto_increment,
dms_inv_stockadjustmentrefdoc,iId,char(50),NO,PRI,,
dms_inv_stockadjustmentrefdoc,szDocId,varchar(50),NO,MUL,,
dms_inv_stockadjustmentrefdoc,szRefDocId,varchar(50),NO,,,
dms_inv_stockadjustmentrefdoc,szRefDocTypeId,varchar(50),NO,,,
dms_inv_stockadjustmentrefdoc,szAdjustmentId,varchar(50),NO,,,
dms_inv_stockhistory,iInternalId,int(10) unsigned,NO,PRI,auto_increment,
dms_inv_stockhistory,iId,char(50),NO,PRI,,
dms_inv_stockhistory,szProductId,varchar(50),NO,MUL,,
dms_inv_stockhistory,szLocationType,varchar(50),NO,MUL,,
dms_inv_stockhistory,szLocationId,varchar(50),NO,MUL,,
dms_inv_stockhistory,szStockTypeId,varchar(50),NO,MUL,,
dms_inv_stockhistory,szReportedAsId,varchar(50),NO,MUL,,
dms_inv_stockhistory,decQtyOnHand,"decimal(18,0)",NO,MUL,,
dms_inv_stockhistory,szUomId,varchar(50),NO,,,
dms_inv_stockhistory,dtmTransaction,datetime,NO,MUL,,
dms_inv_stockhistory,szTrnId,varchar(50),NO,MUL,,
dms_inv_stockhistory,szDocId,varchar(50),NO,,,
dms_inv_stockhistory,szUserCreatedId,varchar(20),NO,,,
dms_inv_stockhistory,szUserUpdatedId,varchar(20),NO,,,
dms_inv_stockhistory,dtmCreated,datetime,NO,,,
dms_inv_stockhistory,dtmLastUpdated,datetime,NO,,,
dms_inv_stockhistorylot,iInternalId,int(10) unsigned,NO,PRI,auto_increment,
dms_inv_stockhistorylot,iId,char(50),NO,PRI,,
dms_inv_stockhistorylot,szLotId,varchar(50),NO,,,
dms_inv_stockhistorylot,szProductId,varchar(50),NO,MUL,,
dms_inv_stockhistorylot,szLocationType,varchar(50),NO,MUL,,
dms_inv_stockhistorylot,szLocationId,varchar(50),NO,MUL,,
dms_inv_stockhistorylot,szStockTypeId,varchar(50),NO,MUL,,
dms_inv_stockhistorylot,szReportedAsId,varchar(50),NO,MUL,,
dms_inv_stockhistorylot,decQtyOnHand,"decimal(18,0)",NO,,,
dms_inv_stockhistorylot,szUomId,varchar(50),NO,,,
dms_inv_stockhistorylot,dtmTransaction,datetime,NO,,,
dms_inv_stockhistorylot,szTrnId,varchar(50),NO,,,
dms_inv_stockhistorylot,szDocId,varchar(50),NO,,,
dms_inv_stockhistorylot,szUserCreatedId,varchar(20),NO,,,
dms_inv_stockhistorylot,szUserUpdatedId,varchar(20),NO,,,
dms_inv_stockhistorylot,dtmCreated,datetime,NO,,,
dms_inv_stockhistorylot,dtmLastUpdated,datetime,NO,,,
dms_inv_stockhistorysn,iInternalId,int(10) unsigned,NO,PRI,auto_increment,
dms_inv_stockhistorysn,iId,char(50),NO,PRI,,
dms_inv_stockhistorysn,szSNId,varchar(50),NO,,,
dms_inv_stockhistorysn,szProductId,varchar(50),NO,MUL,,
dms_inv_stockhistorysn,szLocationType,varchar(50),NO,MUL,,
dms_inv_stockhistorysn,szLocationId,varchar(50),NO,MUL,,
dms_inv_stockhistorysn,szStockTypeId,varchar(50),NO,MUL,,
dms_inv_stockhistorysn,szReportedAsId,varchar(50),NO,MUL,,
dms_inv_stockhistorysn,decQtyOnHand,"decimal(18,0)",NO,,,
dms_inv_stockhistorysn,szUomId,varchar(50),NO,,,
dms_inv_stockhistorysn,dtmTransaction,datetime,NO,,,
dms_inv_stockhistorysn,szTrnId,varchar(50),NO,,,
dms_inv_stockhistorysn,szDocId,varchar(50),NO,,,
dms_inv_stockhistorysn,szUserCreatedId,varchar(20),NO,,,
dms_inv_stockhistorysn,szUserUpdatedId,varchar(20),NO,,,
dms_inv_stockhistorysn,dtmCreated,datetime,NO,,,
dms_inv_stockhistorysn,dtmLastUpdated,datetime,NO,,,
dms_inv_stockonhand,iInternalId,int(10) unsigned,NO,PRI,auto_increment,
dms_inv_stockonhand,iId,char(50),NO,PRI,,
dms_inv_stockonhand,szProductId,varchar(50),NO,MUL,,
dms_inv_stockonhand,szLocationType,varchar(50),NO,MUL,,
dms_inv_stockonhand,szLocationId,varchar(50),NO,MUL,,
dms_inv_stockonhand,szStockTypeId,varchar(50),NO,MUL,,
dms_inv_stockonhand,szReportedAsId,varchar(50),NO,MUL,,
dms_inv_stockonhand,decQtyOnHand,"decimal(18,0)",NO,,,
dms_inv_stockonhand,szUomId,varchar(50),NO,,,
dms_inv_stockonhand,szUserCreatedId,varchar(20),NO,,,
dms_inv_stockonhand,szUserUpdatedId,varchar(20),NO,,,
dms_inv_stockonhand,dtmCreated,datetime,NO,,,
dms_inv_stockonhand,dtmLastUpdated,datetime,NO,,,
dms_inv_stockonhandinitial,iInternalId,int(10) unsigned,NO,PRI,auto_increment,
dms_inv_stockonhandinitial,iId,char(50),NO,PRI,,
dms_inv_stockonhandinitial,szProductId,varchar(50),NO,MUL,,
dms_inv_stockonhandinitial,szLocationType,varchar(50),NO,MUL,,
dms_inv_stockonhandinitial,szLocationId,varchar(50),NO,MUL,,
dms_inv_stockonhandinitial,szStockTypeId,varchar(50),NO,MUL,,
dms_inv_stockonhandinitial,szReportedAsId,varchar(50),NO,MUL,,
dms_inv_stockonhandinitial,decQtyOnHand,"decimal(18,0)",NO,,,
dms_inv_stockonhandinitial,szUomId,varchar(50),NO,,,
dms_inv_stockonhandinitial,szUserCreatedId,varchar(20),NO,,,
dms_inv_stockonhandinitial,szUserUpdatedId,varchar(20),NO,,,
dms_inv_stockonhandinitial,dtmCreated,datetime,NO,,,
dms_inv_stockonhandinitial,dtmLastUpdated,datetime,NO,,,
dms_inv_stockonhandlot,iInternalId,int(10) unsigned,NO,PRI,auto_increment,
dms_inv_stockonhandlot,iId,char(50),NO,PRI,,
dms_inv_stockonhandlot,szLotId,varchar(50),NO,,,
dms_inv_stockonhandlot,szProductId,varchar(50),NO,MUL,,
dms_inv_stockonhandlot,szLocationType,varchar(50),NO,MUL,,
dms_inv_stockonhandlot,szLocationId,varchar(50),NO,MUL,,
dms_inv_stockonhandlot,szStockTypeId,varchar(50),NO,MUL,,
dms_inv_stockonhandlot,szReportedAsId,varchar(50),NO,MUL,,
dms_inv_stockonhandlot,decQtyOnHand,"decimal(18,0)",NO,,,
dms_inv_stockonhandlot,szUomId,varchar(50),NO,,,
dms_inv_stockonhandlot,szUserCreatedId,varchar(20),NO,,,
dms_inv_stockonhandlot,szUserUpdatedId,varchar(20),NO,,,
dms_inv_stockonhandlot,dtmCreated,datetime,NO,,,
dms_inv_stockonhandlot,dtmLastUpdated,datetime,NO,,,
dms_inv_stockonhandsn,iInternalId,int(10) unsigned,NO,PRI,auto_increment,
dms_inv_stockonhandsn,iId,char(50),NO,PRI,,
dms_inv_stockonhandsn,szSNId,varchar(50),NO,,,
dms_inv_stockonhandsn,szProductId,varchar(50),NO,MUL,,
dms_inv_stockonhandsn,szLocationType,varchar(50),NO,MUL,,
dms_inv_stockonhandsn,szLocationId,varchar(50),NO,MUL,,
dms_inv_stockonhandsn,szStockTypeId,varchar(50),NO,MUL,,
dms_inv_stockonhandsn,szReportedAsId,varchar(50),NO,MUL,,
dms_inv_stockonhandsn,decQtyOnHand,"decimal(18,0)",NO,,,
dms_inv_stockonhandsn,szUomId,varchar(50),NO,,,
dms_inv_stockonhandsn,szUserCreatedId,varchar(20),NO,,,
dms_inv_stockonhandsn,szUserUpdatedId,varchar(20),NO,,,
dms_inv_stockonhandsn,dtmCreated,datetime,NO,,,
dms_inv_stockonhandsn,dtmLastUpdated,datetime,NO,,,
dms_inv_stocktype,iInternalId,int(10) unsigned,NO,PRI,auto_increment,
dms_inv_stocktype,iId,char(50),NO,PRI,,
dms_inv_stocktype,szId,varchar(50),NO,UNI,,
dms_inv_stocktype,szName,varchar(50),NO,,,
dms_inv_stocktype,szDescription,varchar(200),NO,,,
dms_inv_stocktype,szUserCreatedId,varchar(20),NO,,,
dms_inv_stocktype,szUserUpdatedId,varchar(20),NO,,,
dms_inv_stocktype,dtmCreated,datetime,NO,,,
dms_inv_stocktype,dtmLastUpdated,datetime,NO,,,
dms_inv_uom,iInternalId,int(10) unsigned,NO,PRI,auto_increment,
dms_inv_uom,iId,char(50),NO,PRI,,
dms_inv_uom,szId,varchar(50),NO,UNI,,
dms_inv_uom,szName,varchar(50),NO,,,
dms_inv_uom,szDescription,varchar(200),NO,,,
dms_inv_uom,szUserCreatedId,varchar(20),NO,,,
dms_inv_uom,szUserUpdatedId,varchar(20),NO,,,
dms_inv_uom,dtmCreated,datetime,NO,,,
dms_inv_uom,dtmLastUpdated,datetime,NO,,,
dms_inv_vehicle,iInternalId,int(10) unsigned,NO,PRI,auto_increment,
dms_inv_vehicle,iId,char(50),NO,PRI,,
dms_inv_vehicle,szId,varchar(50),NO,UNI,,
dms_inv_vehicle,szName,varchar(50),NO,,,
dms_inv_vehicle,szDescription,varchar(200),NO,,,
dms_inv_vehicle,szBranchId,varchar(50),NO,MUL,,
dms_inv_vehicle,szPoliceNo,varchar(50),NO,,,
dms_inv_vehicle,szChassisNo,varchar(50),NO,,,
dms_inv_vehicle,szMachineNo,varchar(50),NO,,,
dms_inv_vehicle,decWeight,"decimal(18,4)",NO,,,
dms_inv_vehicle,decVolume,"decimal(18,4)",NO,,,
dms_inv_vehicle,szVehicleTypeId,varchar(50),NO,MUL,,
dms_inv_vehicle,dtmVehicleLicense,datetime,NO,,,
dms_inv_vehicle,szUserCreatedId,varchar(20),NO,,,
dms_inv_vehicle,szUserUpdatedId,varchar(20),NO,,,
dms_inv_vehicle,dtmCreated,datetime,NO,,,
dms_inv_vehicle,dtmLastUpdated,datetime,NO,,,
dms_inv_vehicle,szVariantTypeId,varchar(50),NO,MUL,,
dms_inv_vehicle,szProductTypeId,varchar(50),NO,MUL,,
dms_inv_vehicle,szLoadingTypeId,varchar(50),NO,MUL,,
dms_inv_vehicle,szCleareanceTypeId,varchar(50),NO,MUL,,
dms_inv_vehicle,szStatus,varchar(50),NO,MUL,,
dms_inv_vehiclecategory,iInternalId,int(10) unsigned,NO,PRI,auto_increment,
dms_inv_vehiclecategory,iId,char(50),NO,PRI,,
dms_inv_vehiclecategory,szId,varchar(50),NO,UNI,,
dms_inv_vehiclecategory,szName,varchar(50),NO,,,
dms_inv_vehiclecategory,szDescription,varchar(200),NO,,,
dms_inv_vehiclecategory,szCategoryTypeId,varchar(50),NO,MUL,,
dms_inv_vehiclecategory,szUserCreatedId,varchar(20),NO,,,
dms_inv_vehiclecategory,szUserUpdatedId,varchar(20),NO,,,
dms_inv_vehiclecategory,dtmCreated,datetime,NO,,,
dms_inv_vehiclecategory,dtmLastUpdated,datetime,NO,,,
dms_inv_vehiclecategorytype,iInternalId,int(10) unsigned,NO,PRI,auto_increment,
dms_inv_vehiclecategorytype,iId,char(50),NO,PRI,,
dms_inv_vehiclecategorytype,szId,varchar(50),NO,UNI,,
dms_inv_vehiclecategorytype,szName,varchar(50),NO,,,
dms_inv_vehiclecategorytype,szDescription,varchar(200),NO,,,
dms_inv_vehiclecategorytype,szUserCreatedId,varchar(20),NO,,,
dms_inv_vehiclecategorytype,szUserUpdatedId,varchar(20),NO,,,
dms_inv_vehiclecategorytype,dtmCreated,datetime,NO,,,
dms_inv_vehiclecategorytype,dtmLastUpdated,datetime,NO,,,
dms_inv_vehicleclearancetype,iInternalId,int(10) unsigned,NO,PRI,auto_increment,
dms_inv_vehicleclearancetype,iId,char(50),NO,PRI,,
dms_inv_vehicleclearancetype,szId,varchar(50),NO,UNI,,
dms_inv_vehicleclearancetype,szName,varchar(50),NO,,,
dms_inv_vehicleclearancetype,szDescription,varchar(500),NO,,,
dms_inv_vehicleclearancetype,szUserCreatedId,varchar(20),NO,,,
dms_inv_vehicleclearancetype,szUserUpdatedId,varchar(20),NO,,,
dms_inv_vehicleclearancetype,dtmCreated,datetime,NO,,,
dms_inv_vehicleclearancetype,dtmLastUpdated,datetime,NO,,,
dms_inv_vehicleitemcategory,iInternalId,int(10) unsigned,NO,PRI,auto_increment,
dms_inv_vehicleitemcategory,iId,char(50),NO,PRI,,
dms_inv_vehicleitemcategory,szId,varchar(50),NO,MUL,,
dms_inv_vehicleitemcategory,intItemNumber,int(10),NO,,,
dms_inv_vehicleitemcategory,szCategoryTypeId,varchar(50),NO,MUL,,
dms_inv_vehicleitemcategory,szCategoryValue,varchar(50),NO,MUL,,
dms_inv_vehicleloadingtype,iInternalId,int(10) unsigned,NO,PRI,auto_increment,
dms_inv_vehicleloadingtype,iId,char(50),NO,PRI,,
dms_inv_vehicleloadingtype,szId,varchar(50),NO,UNI,,
dms_inv_vehicleloadingtype,szName,varchar(50),NO,,,
dms_inv_vehicleloadingtype,szDescription,varchar(500),NO,,,
dms_inv_vehicleloadingtype,szUserCreatedId,varchar(20),NO,,,
dms_inv_vehicleloadingtype,szUserUpdatedId,varchar(20),NO,,,
dms_inv_vehicleloadingtype,dtmCreated,datetime,NO,,,
dms_inv_vehicleloadingtype,dtmLastUpdated,datetime,NO,,,
dms_inv_vehicleproducttype,iInternalId,int(10) unsigned,NO,PRI,auto_increment,
dms_inv_vehicleproducttype,iId,char(50),NO,PRI,,
dms_inv_vehicleproducttype,szId,varchar(50),NO,UNI,,
dms_inv_vehicleproducttype,szName,varchar(50),NO,,,
dms_inv_vehicleproducttype,szDescription,varchar(500),NO,,,
dms_inv_vehicleproducttype,szUserCreatedId,varchar(20),NO,,,
dms_inv_vehicleproducttype,szUserUpdatedId,varchar(20),NO,,,
dms_inv_vehicleproducttype,dtmCreated,datetime,NO,,,
dms_inv_vehicleproducttype,dtmLastUpdated,datetime,NO,,,
dms_inv_vehiclestatus,iInternalId,int(10) unsigned,NO,PRI,auto_increment,
dms_inv_vehiclestatus,iId,char(50),NO,PRI,,
dms_inv_vehiclestatus,szId,varchar(50),NO,UNI,,
dms_inv_vehiclestatus,szName,varchar(50),NO,,,
dms_inv_vehiclestatus,szDescription,varchar(500),NO,,,
dms_inv_vehiclestatus,bAllowTransaction,tinyint(4),NO,MUL,,
dms_inv_vehiclestatus,szUserCreatedId,varchar(20),NO,,,
dms_inv_vehiclestatus,szUserUpdatedId,varchar(20),NO,,,
dms_inv_vehiclestatus,dtmCreated,datetime,NO,,,
dms_inv_vehiclestatus,dtmLastUpdated,datetime,NO,,,
dms_inv_vehicletype,iInternalId,int(10) unsigned,NO,PRI,auto_increment,
dms_inv_vehicletype,iId,char(50),NO,PRI,,
dms_inv_vehicletype,szId,varchar(50),NO,UNI,,
dms_inv_vehicletype,szName,varchar(50),NO,,,
dms_inv_vehicletype,szDescription,varchar(200),NO,,,
dms_inv_vehicletype,decWeight,"decimal(18,4)",NO,,,
dms_inv_vehicletype,decVolume,"decimal(18,4)",NO,,,
dms_inv_vehicletype,szUserCreatedId,varchar(20),NO,,,
dms_inv_vehicletype,szUserUpdatedId,varchar(20),NO,,,
dms_inv_vehicletype,dtmCreated,datetime,NO,,,
dms_inv_vehicletype,dtmLastUpdated,datetime,NO,,,
dms_inv_vehiclevariant,iInternalId,int(10) unsigned,NO,PRI,auto_increment,
dms_inv_vehiclevariant,iId,char(50),NO,PRI,,
dms_inv_vehiclevariant,szId,varchar(50),NO,UNI,,
dms_inv_vehiclevariant,szName,varchar(50),NO,,,
dms_inv_vehiclevariant,szDescription,varchar(500),NO,,,
dms_inv_vehiclevariant,szUserCreatedId,varchar(20),NO,,,
dms_inv_vehiclevariant,szUserUpdatedId,varchar(20),NO,,,
dms_inv_vehiclevariant,dtmCreated,datetime,NO,,,
dms_inv_vehiclevariant,dtmLastUpdated,datetime,NO,,,
dms_inv_warehouse,iInternalId,int(10) unsigned,NO,PRI,auto_increment,
dms_inv_warehouse,iId,char(50),NO,PRI,,
dms_inv_warehouse,szId,varchar(50),NO,UNI,,
dms_inv_warehouse,szName,varchar(50),NO,,,
dms_inv_warehouse,szDescription,varchar(200),NO,,,
dms_inv_warehouse,szBranchId,varchar(50),NO,,,
dms_inv_warehouse,bAllowForSalesTransaction,tinyint(3) unsigned,NO,,,
dms_inv_warehouse,szUserCreatedId,varchar(20),NO,,,
dms_inv_warehouse,szUserUpdatedId,varchar(20),NO,,,
dms_inv_warehouse,dtmCreated,datetime,NO,,,
dms_inv_warehouse,dtmLastUpdated,datetime,NO,,,
dms_otm_fieldmapping,iInternalId,int(10) unsigned,NO,PRI,auto_increment,
dms_otm_fieldmapping,iId,char(50),NO,PRI,,
dms_otm_fieldmapping,szId,varchar(50),NO,MUL,,
dms_otm_fieldmapping,szMappingFieldType,varchar(10),NO,MUL,,
dms_otm_fieldmapping,szMappingId,varchar(200),NO,MUL,,
dms_otm_fieldmapping,szMappingDescription,varchar(1000),NO,,,
dms_otm_fieldmapping,szUserCreatedId,varchar(20),NO,,,
dms_otm_fieldmapping,szUserUpdatedId,varchar(20),NO,,,
dms_otm_fieldmapping,dtmCreated,datetime,NO,,,
dms_otm_fieldmapping,dtmLastUpdated,datetime,NO,,,
dms_pi_department,iInternalId,int(10) unsigned,NO,PRI,auto_increment,
dms_pi_department,iId,char(50),NO,PRI,,
dms_pi_department,szId,varchar(50),NO,UNI,,
dms_pi_department,szName,varchar(50),NO,,,
dms_pi_department,szDescription,varchar(200),NO,,,
dms_pi_department,szUserCreatedId,varchar(20),NO,,,
dms_pi_department,szUserUpdatedId,varchar(20),NO,,,
dms_pi_department,dtmCreated,datetime,NO,,,
dms_pi_department,dtmLastUpdated,datetime,NO,,,
dms_pi_division,iInternalId,int(10) unsigned,NO,PRI,auto_increment,
dms_pi_division,iId,char(50),NO,PRI,,
dms_pi_division,szId,varchar(50),NO,UNI,,
dms_pi_division,szName,varchar(50),NO,,,
dms_pi_division,szDescription,varchar(200),NO,,,
dms_pi_division,szUserCreatedId,varchar(20),NO,,,
dms_pi_division,szUserUpdatedId,varchar(20),NO,,,
dms_pi_division,dtmCreated,datetime,NO,,,
dms_pi_division,dtmLastUpdated,datetime,NO,,,
dms_pi_docemployee,iInternalId,int(10) unsigned,NO,PRI,auto_increment,
dms_pi_docemployee,iId,char(50),NO,PRI,,
dms_pi_docemployee,szDocId,varchar(50),NO,UNI,,
dms_pi_docemployee,dtmDoc,datetime,NO,MUL,,
dms_pi_docemployee,bNewData,tinyint(4),NO,MUL,,
dms_pi_docemployee,szDocFUpId,varchar(50),NO,MUL,,
dms_pi_docemployee,szId,varchar(50),NO,MUL,,
dms_pi_docemployee,szName,varchar(50),NO,,,
dms_pi_docemployee,szDescription,varchar(200),NO,,,
dms_pi_docemployee,szDivisionId,varchar(50),NO,MUL,,
dms_pi_docemployee,szDepartmentId,varchar(50),NO,MUL,,
dms_pi_docemployee,szBranchIdEmployeeId,varchar(50),NO,,,
dms_pi_docemployee,szGender,varchar(50),NO,,,
dms_pi_docemployee,dtmBirth,datetime,NO,,,
dms_pi_docemployee,dtmJoin,datetime,NO,,,
dms_pi_docemployee,dtmStop,datetime,NO,,,
dms_pi_docemployee,szIdCard,varchar(50),NO,,,
dms_pi_docemployee,szSupervisorId,varchar(50),NO,MUL,,
dms_pi_docemployee,szPassword,varchar(50),NO,,,
dms_pi_docemployee,szStatus,varchar(50),NO,MUL,,
dms_pi_docemployee,szEmail,varchar(50),NO,,,
dms_pi_docemployee,szMobilePhone,varchar(50),NO,,,
dms_pi_docemployee,szTools,varchar(50),NO,,,
dms_pi_docemployee,intPrintedCount,int(10),NO,,,
dms_pi_docemployee,szBranchId,varchar(50),NO,MUL,,
dms_pi_docemployee,szCompanyId,varchar(50),NO,MUL,,
dms_pi_docemployee,szDocStatus,varchar(50),NO,MUL,,
dms_pi_docemployee,szUserCreatedId,varchar(20),NO,,,
dms_pi_docemployee,szUserUpdatedId,varchar(20),NO,,,
dms_pi_docemployee,dtmCreated,datetime,NO,,,
dms_pi_docemployee,dtmLastUpdated,datetime,NO,,,
dms_pi_docemployeedistribution,iInternalId,int(10) unsigned,NO,PRI,auto_increment,
dms_pi_docemployeedistribution,iId,char(50),NO,PRI,,
dms_pi_docemployeedistribution,szDocId,varchar(50),NO,UNI,,
dms_pi_docemployeedistribution,szId,varchar(50),NO,MUL,,
dms_pi_docemployeedistribution,szVehicleId,varchar(50),NO,MUL,,
dms_pi_docemployeedistribution,szHelper1,varchar(50),NO,MUL,,
dms_pi_docemployeedistribution,szHelper2,varchar(50),NO,MUL,,
dms_pi_docemployeedistribution,bDailySettlement,tinyint(3) unsigned,NO,,,
dms_pi_docemployeeitemcategory,iInternalId,int(10) unsigned,NO,PRI,auto_increment,
dms_pi_docemployeeitemcategory,iId,char(50),NO,PRI,,
dms_pi_docemployeeitemcategory,szDocId,varchar(50),NO,MUL,,
dms_pi_docemployeeitemcategory,intItemNumber,int(10),NO,,,
dms_pi_docemployeeitemcategory,szId,varchar(50),NO,MUL,,
dms_pi_docemployeeitemcategory,szCategoryTypeId,varchar(50),NO,MUL,,
dms_pi_docemployeeitemcategory,szCategoryValue,varchar(50),NO,MUL,,
dms_pi_docemployeesupervisor,iInternalId,int(10) unsigned,NO,PRI,auto_increment,
dms_pi_docemployeesupervisor,iId,char(50),NO,PRI,,
dms_pi_docemployeesupervisor,szDocId,varchar(50),NO,MUL,,
dms_pi_docemployeesupervisor,szId,varchar(50),NO,MUL,,
dms_pi_docemployeesupervisor,szSupervisorId,varchar(50),NO,MUL,,
dms_pi_docemployeesupervisor,szDescription,varchar(100),NO,,,
dms_pi_employee,iInternalId,int(10) unsigned,NO,PRI,auto_increment,
dms_pi_employee,iId,char(50),NO,PRI,,
dms_pi_employee,szId,varchar(50),NO,UNI,,
dms_pi_employee,szName,varchar(50),NO,,,
dms_pi_employee,szDescription,varchar(200),NO,,,
dms_pi_employee,szDivisionId,varchar(50),NO,MUL,,
dms_pi_employee,szDepartmentId,varchar(50),NO,MUL,,
dms_pi_employee,szUserCreatedId,varchar(20),NO,,,
dms_pi_employee,szUserUpdatedId,varchar(20),NO,,,
dms_pi_employee,dtmCreated,datetime,NO,,,
dms_pi_employee,dtmLastUpdated,datetime,NO,,,
dms_pi_employee,szBranchId,varchar(50),NO,MUL,,
dms_pi_employee,szGender,varchar(50),NO,,,
dms_pi_employee,dtmBirth,datetime,NO,,,
dms_pi_employee,dtmJoin,datetime,NO,,,
dms_pi_employee,dtmStop,datetime,NO,,,
dms_pi_employee,szIdCard,varchar(50),NO,,,
dms_pi_employee,szSupervisorId,varchar(50),NO,MUL,,
dms_pi_employee,szPassword,varchar(50),NO,,,
dms_pi_employee,szStatus,varchar(50),NO,MUL,,
dms_pi_employee,szEmail,varchar(50),NO,,,
dms_pi_employee,szMobilePhone,varchar(50),NO,,,
dms_pi_employee,szTools,varchar(50),NO,,,
dms_pi_employeecategory,iInternalId,int(10) unsigned,NO,PRI,auto_increment,
dms_pi_employeecategory,iId,char(50),NO,PRI,,
dms_pi_employeecategory,szId,varchar(50),NO,UNI,,
dms_pi_employeecategory,szName,varchar(50),NO,,,
dms_pi_employeecategory,szDescription,varchar(200),NO,,,
dms_pi_employeecategory,szCategoryTypeId,varchar(50),NO,MUL,,
dms_pi_employeecategory,szUserCreatedId,varchar(20),NO,,,
dms_pi_employeecategory,szUserUpdatedId,varchar(20),NO,,,
dms_pi_employeecategory,dtmCreated,datetime,NO,,,
dms_pi_employeecategory,dtmLastUpdated,datetime,NO,,,
dms_pi_employeecategorytype,iInternalId,int(10) unsigned,NO,PRI,auto_increment,
dms_pi_employeecategorytype,iId,char(50),NO,PRI,,
dms_pi_employeecategorytype,szId,varchar(50),NO,UNI,,
dms_pi_employeecategorytype,szName,varchar(50),NO,,,
dms_pi_employeecategorytype,szDescription,varchar(200),NO,,,
dms_pi_employeecategorytype,szUserCreatedId,varchar(20),NO,,,
dms_pi_employeecategorytype,szUserUpdatedId,varchar(20),NO,,,
dms_pi_employeecategorytype,dtmCreated,datetime,NO,,,
dms_pi_employeecategorytype,dtmLastUpdated,datetime,NO,,,
dms_pi_employeedistribution,iInternalId,int(10) unsigned,NO,PRI,auto_increment,
dms_pi_employeedistribution,iId,char(50),NO,PRI,,
dms_pi_employeedistribution,szId,varchar(50),NO,UNI,,
dms_pi_employeedistribution,szVehicleId,varchar(50),NO,MUL,,
dms_pi_employeedistribution,szHelper1,varchar(50),NO,MUL,,
dms_pi_employeedistribution,szHelper2,varchar(50),NO,MUL,,
dms_pi_employeedistribution,bDailySettlement,tinyint(3) unsigned,NO,,,
dms_pi_employeegroup,iInternalId,int(10) unsigned,NO,PRI,auto_increment,
dms_pi_employeegroup,iId,char(50),NO,PRI,,
dms_pi_employeegroup,szId,varchar(50),NO,UNI,,
dms_pi_employeegroup,szName,varchar(50),NO,,,
dms_pi_employeegroup,szDescription,varchar(200),NO,,,
dms_pi_employeegroup,szUserCreatedId,varchar(20),NO,,,
dms_pi_employeegroup,szUserUpdatedId,varchar(20),NO,,,
dms_pi_employeegroup,dtmCreated,datetime,NO,,,
dms_pi_employeegroup,dtmLastUpdated,datetime,NO,,,
dms_pi_employeeitemcategory,iInternalId,int(10) unsigned,NO,PRI,auto_increment,
dms_pi_employeeitemcategory,iId,char(50),NO,PRI,,
dms_pi_employeeitemcategory,szId,varchar(50),NO,MUL,,
dms_pi_employeeitemcategory,intItemNumber,int(10),NO,,,
dms_pi_employeeitemcategory,szCategoryTypeId,varchar(50),NO,MUL,,
dms_pi_employeeitemcategory,szCategoryValue,varchar(50),NO,MUL,,
dms_pi_employeestatus,iInternalId,int(10) unsigned,NO,PRI,auto_increment,
dms_pi_employeestatus,iId,char(50),NO,PRI,,
dms_pi_employeestatus,szId,varchar(50),NO,UNI,,
dms_pi_employeestatus,szName,varchar(50),NO,,,
dms_pi_employeestatus,szDescription,varchar(500),NO,,,
dms_pi_employeestatus,bAllowTransaction,tinyint(4),NO,MUL,,
dms_pi_employeestatus,szUserCreatedId,varchar(20),NO,,,
dms_pi_employeestatus,szUserUpdatedId,varchar(20),NO,,,
dms_pi_employeestatus,dtmCreated,datetime,NO,,,
dms_pi_employeestatus,dtmLastUpdated,datetime,NO,,,
dms_pi_employeesupervisor,iInternalId,int(10) unsigned,NO,PRI,auto_increment,
dms_pi_employeesupervisor,iId,char(50),NO,PRI,,
dms_pi_employeesupervisor,szId,varchar(50),NO,MUL,,
dms_pi_employeesupervisor,szSupervisorId,varchar(50),NO,,,
dms_pi_employeesupervisor,szDescription,varchar(100),NO,,,
dms_pi_team,iInternalId,int(10) unsigned,NO,PRI,auto_increment,
dms_pi_team,iId,char(50),NO,PRI,,
dms_pi_team,szId,varchar(50),NO,UNI,,
dms_pi_team,szName,varchar(50),NO,,,
dms_pi_team,szDescription,varchar(200),NO,,,
dms_pi_team,szUserCreatedId,varchar(20),NO,,,
dms_pi_team,szUserUpdatedId,varchar(20),NO,,,
dms_pi_team,dtmCreated,datetime,NO,,,
dms_pi_team,dtmLastUpdated,datetime,NO,,,
dms_report_reporttemplate,iInternalId,int(10) unsigned,NO,PRI,auto_increment,
dms_report_reporttemplate,iId,char(50),NO,PRI,,
dms_report_reporttemplate,szId,varchar(50),NO,UNI,,
dms_report_reporttemplate,szName,varchar(50),NO,,,
dms_report_reporttemplate,szDescription,varchar(200),NO,,,
dms_report_reporttemplate,szReportConfigId,varchar(50),NO,,,
dms_report_reporttemplate,szFieldList,text,NO,,,
dms_report_reporttemplate,szFieldAliasList,text,NO,,,
dms_report_reporttemplate,szFieldReportList,text,NO,,,
dms_report_reporttemplate,szUserCreatedId,varchar(20),NO,,,
dms_report_reporttemplate,szUserUpdatedId,varchar(20),NO,,,
dms_report_reporttemplate,dtmCreated,datetime,NO,,,
dms_report_reporttemplate,dtmLastUpdated,datetime,NO,,,
dms_report_reporttemplate,szGroup,varchar(500),NO,,,
dms_report_reporttemplate,szGroupBy,text,NO,,,
dms_report_reporttemplate,szSumBy,text,NO,,,
dms_sd_additionaldiscount,iInternalId,int(10) unsigned,NO,PRI,auto_increment,
dms_sd_additionaldiscount,iId,char(50),NO,PRI,,
dms_sd_additionaldiscount,szId,varchar(50),NO,UNI,,
dms_sd_additionaldiscount,szName,varchar(50),NO,,,
dms_sd_additionaldiscount,szDescription,varchar(200),NO,,,
dms_sd_additionaldiscount,szDiscountType,varchar(10),NO,,,
dms_sd_additionaldiscount,szUserCreatedId,varchar(20),NO,,,
dms_sd_additionaldiscount,szUserUpdatedId,varchar(20),NO,,,
dms_sd_additionaldiscount,dtmCreated,datetime,NO,,,
dms_sd_additionaldiscount,dtmLastUpdated,datetime,NO,,,
dms_sd_calendar,iInternalId,int(10) unsigned,NO,PRI,auto_increment,
dms_sd_calendar,iId,char(50),NO,PRI,,
dms_sd_calendar,szId,varchar(50),NO,UNI,,
dms_sd_calendar,szName,varchar(50),NO,,,
dms_sd_calendar,szDescription,varchar(200),NO,,,
dms_sd_calendar,bSaturdayWorkingDay,tinyint(3) unsigned,NO,,,
dms_sd_calendar,bSundayWorkingDay,tinyint(3) unsigned,NO,,,
dms_sd_calendar,szUserCreatedId,varchar(20),NO,,,
dms_sd_calendar,szUserUpdatedId,varchar(20),NO,,,
dms_sd_calendar,dtmCreated,datetime,NO,,,
dms_sd_calendar,dtmLastUpdated,datetime,NO,,,
dms_sd_calendarbranch,iInternalId,int(10) unsigned,NO,PRI,auto_increment,
dms_sd_calendarbranch,iId,char(50),NO,PRI,,
dms_sd_calendarbranch,szId,varchar(50),NO,MUL,,
dms_sd_calendarbranch,intItemNumber,int(10),NO,,,
dms_sd_calendarbranch,szBranchId,varchar(50),NO,MUL,,
dms_sd_calendarholiday,iInternalId,int(10) unsigned,NO,PRI,auto_increment,
dms_sd_calendarholiday,iId,char(50),NO,PRI,,
dms_sd_calendarholiday,szId,varchar(50),NO,MUL,,
dms_sd_calendarholiday,intItemNumber,int(10),NO,,,
dms_sd_calendarholiday,dtmDate,datetime,NO,MUL,,
dms_sd_calendarholiday,szDescription,text,NO,,,
dms_sd_calendarperiodic,iInternalId,int(10) unsigned,NO,PRI,auto_increment,
dms_sd_calendarperiodic,iId,char(50),NO,PRI,,
dms_sd_calendarperiodic,szId,varchar(50),NO,UNI,,
dms_sd_calendarperiodic,szName,varchar(50),NO,,,
dms_sd_calendarperiodic,szDescription,varchar(200),NO,,,
dms_sd_calendarperiodic,dtmStart,datetime,NO,,,
dms_sd_calendarperiodic,dtmEnd,datetime,NO,,,
dms_sd_calendarperiodic,szUserCreatedId,varchar(20),NO,,,
dms_sd_calendarperiodic,szUserUpdatedId,varchar(20),NO,,,
dms_sd_calendarperiodic,dtmCreated,datetime,NO,,,
dms_sd_calendarperiodic,dtmLastUpdated,datetime,NO,,,
dms_sd_calendarperiodicitem,iInternalId,int(10) unsigned,NO,PRI,auto_increment,
dms_sd_calendarperiodicitem,iId,char(50),NO,PRI,,
dms_sd_calendarperiodicitem,szId,varchar(50),NO,MUL,,
dms_sd_calendarperiodicitem,intItemNumber,int(10),NO,,,
dms_sd_calendarperiodicitem,dtmDate,datetime,NO,MUL,,
dms_sd_calendarperiodicitem,intDay,int(10),NO,,,
dms_sd_calendarperiodicitem,intWeek,int(10),NO,,,
dms_sd_calendarperiodicitem,intMonth,int(10),NO,,,
dms_sd_calendarperiodicitem,intQuarter,int(10),NO,,,
dms_sd_calendarperiodicitem,intSemester,int(10),NO,,,
dms_sd_calendarperiodicitem,intYear,int(10),NO,,,
dms_sd_customerfoc,iInternalId,int(10) unsigned,NO,PRI,auto_increment,
dms_sd_customerfoc,iId,char(50),NO,PRI,,
dms_sd_customerfoc,szId,varchar(50),NO,UNI,,
dms_sd_customerfoc,szName,varchar(50),NO,,,
dms_sd_customerfoc,szDescription,varchar(200),NO,,,
dms_sd_customerfoc,dtmValidFrom,datetime,NO,,,
dms_sd_customerfoc,dtmValidTo,datetime,NO,,,
dms_sd_customerfoc,szUserCreatedId,varchar(20),NO,,,
dms_sd_customerfoc,szUserUpdatedId,varchar(20),NO,,,
dms_sd_customerfoc,dtmCreated,datetime,NO,,,
dms_sd_customerfoc,dtmLastUpdated,datetime,NO,,,
dms_sd_customerfocitem,iInternalId,int(10) unsigned,NO,PRI,auto_increment,
dms_sd_customerfocitem,iId,char(50),NO,PRI,,
dms_sd_customerfocitem,szId,varchar(50),NO,MUL,,
dms_sd_customerfocitem,szProductId,varchar(50),NO,,,
dms_sd_customerfocitem,decQty,"decimal(18,4)",NO,,,
dms_sd_customerfocitem,szUomId,varchar(50),NO,,,
dms_sd_customerfocitem,decRemain,"decimal(18,4)",NO,,,
dms_sd_distrchannel,iInternalId,int(10) unsigned,NO,PRI,auto_increment,
dms_sd_distrchannel,iId,char(50),NO,PRI,,
dms_sd_distrchannel,szId,varchar(50),NO,UNI,,
dms_sd_distrchannel,szName,varchar(50),NO,,,
dms_sd_distrchannel,szDescription,varchar(200),NO,,,
dms_sd_distrchannel,szUserCreatedId,varchar(20),NO,,,
dms_sd_distrchannel,szUserUpdatedId,varchar(20),NO,,,
dms_sd_distrchannel,dtmCreated,datetime,NO,,,
dms_sd_distrchannel,dtmLastUpdated,datetime,NO,,,
dms_sd_doccall,iInternalId,int(10) unsigned,NO,PRI,auto_increment,
dms_sd_doccall,iId,char(50),NO,PRI,,
dms_sd_doccall,szDocId,varchar(50),NO,UNI,,
dms_sd_doccall,dtmDoc,datetime,NO,MUL,,
dms_sd_doccall,szEmployeeId,varchar(50),NO,MUL,,
dms_sd_doccall,szRouteType,varchar(50),NO,,,
dms_sd_doccall,dtmStart,datetime,NO,,,
dms_sd_doccall,dtmFinish,datetime,NO,,,
dms_sd_doccall,bStarted,tinyint(3) unsigned,NO,,,
dms_sd_doccall,bFinished,tinyint(3) unsigned,NO,,,
dms_sd_doccall,decKMStart,"decimal(18,0)",NO,,,
dms_sd_doccall,decKMFinish,"decimal(18,0)",NO,,,
dms_sd_doccall,szVehicleId,varchar(50),NO,MUL,,
dms_sd_doccall,szHelper1,varchar(50),NO,MUL,,
dms_sd_doccall,szHelper2,varchar(50),NO,MUL,,
dms_sd_doccall,intPrintedCount,int(10),NO,,,
dms_sd_doccall,szBranchId,varchar(50),NO,,,
dms_sd_doccall,szCompanyId,varchar(50),NO,,,
dms_sd_doccall,szDocStatus,varchar(50),NO,,,
dms_sd_doccall,szUserCreatedId,varchar(20),NO,,,
dms_sd_doccall,szUserUpdatedId,varchar(20),NO,,,
dms_sd_doccall,dtmCreated,datetime,NO,,,
dms_sd_doccall,dtmLastUpdated,datetime,NO,,,
dms_sd_doccall,bFullFilled,tinyint(4),NO,MUL,,
dms_sd_doccallfeedback,iInternalId,int(10) unsigned,NO,PRI,auto_increment,
dms_sd_doccallfeedback,iId,char(50),NO,PRI,,
dms_sd_doccallfeedback,szDocId,varchar(50),NO,MUL,,
dms_sd_doccallfeedback,intItemNumber,int(10),NO,,,
dms_sd_doccallfeedback,szCustomerId,varchar(50),NO,MUL,,
dms_sd_doccallfeedback,bFeedback,tinyint(3),NO,MUL,,
dms_sd_doccallfeedback,dtmFeedback,datetime,NO,,,
dms_sd_doccallfeedback,dtmReschedule,datetime,NO,MUL,,
dms_sd_doccallfeedback,szRouteType,varchar(50),NO,MUL,,
dms_sd_doccallfeedback,szRedDocId,varchar(50),NO,,,
dms_sd_doccallfeedback,szEmployeeId,varchar(50),NO,MUL,,
dms_sd_doccallitem,iInternalId,int(10) unsigned,NO,PRI,auto_increment,
dms_sd_doccallitem,iId,char(50),NO,PRI,,
dms_sd_doccallitem,szDocId,varchar(50),NO,MUL,,
dms_sd_doccallitem,intItemNumber,int(10),NO,,,
dms_sd_doccallitem,szCustomerId,varchar(50),NO,MUL,,
dms_sd_doccallitem,dtmStart,datetime,NO,,,
dms_sd_doccallitem,dtmFinish,datetime,NO,,,
dms_sd_doccallitem,bStarted,tinyint(3) unsigned,NO,,,
dms_sd_doccallitem,bFinisihed,tinyint(3) unsigned,NO,,,
dms_sd_doccallitem,bVisited,tinyint(3) unsigned,NO,,,
dms_sd_doccallitem,bSuccess,tinyint(3) unsigned,NO,,,
dms_sd_doccallitem,szFailReason,varchar(50),NO,,,
dms_sd_doccallitem,bPostPone,tinyint(3) unsigned,NO,,,
dms_sd_doccallitem,szLangitude,varchar(50),NO,,,
dms_sd_doccallitem,szLongitude,varchar(50),NO,,,
dms_sd_doccallitem,bOutOfRoute,tinyint(3) unsigned,NO,,,
dms_sd_doccallitem,szRefDocId,varchar(50),NO,MUL,,
dms_sd_doccallitem,bNewCustomer,tinyint(3) unsigned,NO,,,
dms_sd_doccallitem,szCallType,varchar(50),NO,,,
dms_sd_doccallitem,bScanBarcode,tinyint(3) unsigned,NO,,,
dms_sd_doccallitem,dtmLastCheckin,datetime,NO,,,
dms_sd_doccallitem,decDuration,"decimal(18,0)",NO,,,
dms_sd_doccallitem,szDocSO,varchar(50),NO,MUL,,
dms_sd_doccallitem,szDocDO,varchar(50),NO,MUL,,
dms_sd_doccallitem,szDocInvoice,varchar(50),NO,MUL,,
dms_sd_doccallitem,szDocCallIdRef,varchar(50),NO,MUL,,
dms_sd_doccallitem,szReasonIdCheckin,varchar(50),NO,MUL,,
dms_sd_doccallitem,szReasonFailedScan,varchar(50),NO,MUL,,
dms_sd_doccalliteminvoice,iInternalId,int(10) unsigned,NO,PRI,auto_increment,
dms_sd_doccalliteminvoice,iId,char(50),NO,PRI,,
dms_sd_doccalliteminvoice,szDocId,varchar(50),NO,MUL,,
dms_sd_doccalliteminvoice,intItemNumber,int(10),NO,,,
dms_sd_doccalliteminvoice,intItemDetailNumber,int(10),NO,,,
dms_sd_doccalliteminvoice,szRefDocId,varchar(50),NO,MUL,,
dms_sd_doccallitemproductrequest,iInternalId,int(10) unsigned,NO,PRI,auto_increment,
dms_sd_doccallitemproductrequest,iId,char(50),NO,PRI,,
dms_sd_doccallitemproductrequest,szDocId,varchar(50),NO,MUL,,
dms_sd_doccallitemproductrequest,intItemNumber,int(10),NO,,,
dms_sd_doccallitemproductrequest,szDocProductRequestId,varchar(50),NO,MUL,,
dms_sd_doccallitemso,iInternalId,int(10) unsigned,NO,PRI,auto_increment,
dms_sd_doccallitemso,iId,char(50),NO,PRI,,
dms_sd_doccallitemso,szDocId,varchar(50),NO,MUL,,
dms_sd_doccallitemso,intItemNumber,int(10),NO,,,
dms_sd_doccallitemso,intItemDetailNumber,int(10),NO,,,
dms_sd_doccallitemso,szDocSoId,varchar(50),NO,MUL,,
dms_sd_doccallitemso,szDocDoId,varchar(50),NO,MUL,,
dms_sd_doccreditnote,iInternalId,int(10) unsigned,NO,PRI,auto_increment,
dms_sd_doccreditnote,iId,char(50),NO,PRI,,
dms_sd_doccreditnote,szDocId,varchar(50),NO,UNI,,
dms_sd_doccreditnote,dtmDoc,datetime,NO,MUL,,
dms_sd_doccreditnote,szCustomerId,varchar(50),NO,MUL,,
dms_sd_doccreditnote,intPrintedCount,int(10),NO,,,
dms_sd_doccreditnote,szBranchId,varchar(50),NO,,,
dms_sd_doccreditnote,szCompanyId,varchar(50),NO,,,
dms_sd_doccreditnote,szDocStatus,varchar(50),NO,,,
dms_sd_doccreditnote,szUserCreatedId,varchar(20),NO,,,
dms_sd_doccreditnote,szUserUpdatedId,varchar(20),NO,,,
dms_sd_doccreditnote,dtmCreated,datetime,NO,,,
dms_sd_doccreditnote,dtmLastUpdated,datetime,NO,,,
dms_sd_doccreditnoteitem,iInternalId,int(10) unsigned,NO,PRI,auto_increment,
dms_sd_doccreditnoteitem,iId,char(50),NO,PRI,,
dms_sd_doccreditnoteitem,szDocId,varchar(50),NO,MUL,,
dms_sd_doccreditnoteitem,intItemNumber,int(10),NO,,,
dms_sd_doccreditnoteitem,szDescription,varchar(1000),NO,,,
dms_sd_doccreditnoteitem,decAmount,"decimal(18,4)",NO,,,
dms_sd_doccustomerfoc,iInternalId,int(10) unsigned,NO,PRI,auto_increment,
dms_sd_doccustomerfoc,iId,char(50),NO,PRI,,
dms_sd_doccustomerfoc,szDocId,varchar(50),NO,UNI,,
dms_sd_doccustomerfoc,dtmDoc,datetime,NO,MUL,,
dms_sd_doccustomerfoc,szCustomerId,varchar(50),NO,MUL,,
dms_sd_doccustomerfoc,szFocConfigId,varchar(50),NO,,,
dms_sd_doccustomerfoc,dtmStart,datetime,NO,MUL,,
dms_sd_doccustomerfoc,dtmEnd,datetime,NO,,,
dms_sd_doccustomerfoc,intPrintedCount,int(10),NO,,,
dms_sd_doccustomerfoc,szBranchId,varchar(50),NO,,,
dms_sd_doccustomerfoc,szCompanyId,varchar(50),NO,,,
dms_sd_doccustomerfoc,szDocStatus,varchar(50),NO,,,
dms_sd_doccustomerfoc,szUserCreatedId,varchar(20),NO,,,
dms_sd_doccustomerfoc,szUserUpdatedId,varchar(20),NO,,,
dms_sd_doccustomerfoc,dtmCreated,datetime,NO,,,
dms_sd_doccustomerfoc,dtmLastUpdated,datetime,NO,,,
dms_sd_doccustomerpo,iInternalId,int(10) unsigned,NO,PRI,auto_increment,
dms_sd_doccustomerpo,iId,char(50),NO,PRI,,
dms_sd_doccustomerpo,szDocId,varchar(50),NO,UNI,,
dms_sd_doccustomerpo,dtmDoc,datetime,NO,,,
dms_sd_doccustomerpo,szCustomerId,varchar(50),NO,MUL,,
dms_sd_doccustomerpo,szEmployeeId,varchar(50),NO,MUL,,
dms_sd_doccustomerpo,szOrderTypeId,varchar(50),NO,MUL,,
dms_sd_doccustomerpo,bCash,tinyint(3) unsigned,NO,,,
dms_sd_doccustomerpo,szPaymentTermId,varchar(50),NO,MUL,,
dms_sd_doccustomerpo,szPOId,varchar(50),NO,,,
dms_sd_doccustomerpo,dtmPO,datetime,NO,,,
dms_sd_doccustomerpo,dtmPOExpired,datetime,NO,,,
dms_sd_doccustomerpo,szPOSourceId,varchar(50),NO,,,
dms_sd_doccustomerpo,szShipBranchId,varchar(50),NO,MUL,,
dms_sd_doccustomerpo,szStatus,varchar(10),NO,MUL,,
dms_sd_doccustomerpo,intPrintedCount,int(10),NO,,,
dms_sd_doccustomerpo,szBranchId,varchar(50),NO,,,
dms_sd_doccustomerpo,szCompanyId,varchar(50),NO,,,
dms_sd_doccustomerpo,szDocStatus,varchar(50),NO,,,
dms_sd_doccustomerpo,szUserCreatedId,varchar(20),NO,,,
dms_sd_doccustomerpo,szUserUpdatedId,varchar(20),NO,,,
dms_sd_doccustomerpo,dtmCreated,datetime,NO,,,
dms_sd_doccustomerpo,dtmLastUpdated,datetime,NO,,,
dms_sd_doccustomerpo,dtmMobileTransaction,timestamp,NO,,on update CURRENT_TIMESTAMP,
dms_sd_doccustomerpo,szMobileId,varchar(50),NO,MUL,,
dms_sd_doccustomerpo,szParentDocId,varchar(50),NO,,,
dms_sd_doccustomerpo,dtmRequest,datetime,NO,MUL,,
dms_sd_doccustomerpo,dtmStart,datetime,NO,MUL,,
dms_sd_doccustomerpo,dtmEnd,datetime,NO,MUL,,
dms_sd_doccustomerpo,szReplaceDocId,varchar(50),NO,,,
dms_sd_doccustomerpo,szReasonId,varchar(50),NO,MUL,,
dms_sd_doccustomerpo,szDescription,varchar(1000),NO,,,
dms_sd_doccustomerpo,szChangeReasonId,varchar(50),NO,,,
dms_sd_doccustomerpo,szReplaceBy,varchar(50),NO,MUL,,
dms_sd_doccustomerpoitem,iInternalId,int(10) unsigned,NO,PRI,auto_increment,
dms_sd_doccustomerpoitem,iId,char(50),NO,PRI,,
dms_sd_doccustomerpoitem,szDocId,varchar(50),NO,MUL,,
dms_sd_doccustomerpoitem,intItemNumber,int(10),NO,,,
dms_sd_doccustomerpoitem,szProductId,varchar(50),NO,MUL,,
dms_sd_doccustomerpoitem,szOrderItemTypeId,varchar(50),NO,MUL,,
dms_sd_doccustomerpoitem,szTrnType,varchar(50),NO,,,
dms_sd_doccustomerpoitem,decQty,"decimal(18,2)",NO,,,
dms_sd_doccustomerpoitem,szUomId,varchar(50),NO,MUL,,
dms_sd_doccustomerpoitem,decQtyDelivered,"decimal(18,2)",NO,,,
dms_sd_doccustomerpoitemadditionaldiscount,iInternalId,int(10) unsigned,NO,PRI,auto_increment,
dms_sd_doccustomerpoitemadditionaldiscount,iId,char(50),NO,PRI,,
dms_sd_doccustomerpoitemadditionaldiscount,szDocId,varchar(50),NO,MUL,,
dms_sd_doccustomerpoitemadditionaldiscount,intItemNumber,int(10),NO,,,
dms_sd_doccustomerpoitemadditionaldiscount,intItemDetailNumber,int(10),NO,,,
dms_sd_doccustomerpoitemadditionaldiscount,szAdditionalDiscountId,varchar(50),NO,,,
dms_sd_doccustomerpoitemadditionaldiscount,szDiscountType,varchar(50),NO,,,
dms_sd_doccustomerpoitemadditionaldiscount,decDiscountValue,"decimal(18,4)",NO,,,
dms_sd_doccustomerpoitemprice,iInternalId,int(10) unsigned,NO,PRI,auto_increment,
dms_sd_doccustomerpoitemprice,iId,char(50),NO,PRI,,
dms_sd_doccustomerpoitemprice,szDocId,varchar(50),NO,MUL,,
dms_sd_doccustomerpoitemprice,intItemNumber,int(10),NO,,,
dms_sd_doccustomerpoitemprice,intItemDetailNumber,int(10),NO,,,
dms_sd_doccustomerpoitemprice,szPriceId,varchar(50),NO,MUL,,
dms_sd_doccustomerpoitemprice,decPrice,varchar(50),NO,,,
dms_sd_doccustomerpoitemprice,decDiscount,"decimal(18,4)",NO,,,
dms_sd_doccustomerpoitemprice,bTaxable,tinyint(3) unsigned,NO,,,
dms_sd_doccustomerpoitemprice,decAmount,"decimal(18,4)",NO,,,
dms_sd_doccustomerpoitemprice,decTax,"decimal(18,4)",NO,,,
dms_sd_doccustomerpoitemprice,decDpp,"decimal(18,4)",NO,,,
dms_sd_doccustomerpoitemprice,szTaxId,varchar(50),NO,MUL,,
dms_sd_doccustomerpoitemprice,decTaxRate,"decimal(18,4)",NO,,,
dms_sd_doccustomerpoitemprice,decDiscPrinciple,"decimal(18,4)",NO,,,
dms_sd_doccustomerpoitemprice,decDiscDistributor,"decimal(18,4)",NO,,,
dms_sd_doccustomerpoitemprice,decDiscReg,"decimal(18,4)",NO,,,
dms_sd_doccustomerpoitemprice,decDiscProm,"decimal(18,4)",NO,,,
dms_sd_doccustomerpoitemprice,decDicTrProm,"decimal(18,4)",NO,,,
dms_sd_doccustomerpoitemprice,decDisc1,"decimal(18,4)",NO,,,
dms_sd_doccustomerpoitemprice,decDisc2,"decimal(18,4)",NO,,,
dms_sd_doccustomerpoitempromo,iInternalId,int(10) unsigned,NO,PRI,auto_increment,
dms_sd_doccustomerpoitempromo,iId,char(50),NO,PRI,,
dms_sd_doccustomerpoitempromo,szDocId,varchar(50),NO,MUL,,
dms_sd_doccustomerpoitempromo,intItemNumber,int(10),NO,,,
dms_sd_doccustomerpoitempromo,intItemDetailNumber,int(10),NO,,,
dms_sd_doccustomerpoitempromo,szPromoId,varchar(50),NO,,,
dms_sd_doccustomerpoitempromo,bBonusProduct,tinyint(3) unsigned,NO,,,
dms_sd_doccustomerpoitempromo,szDiscountType,varchar(50),NO,,,
dms_sd_doccustomerpoitempromo,decDiscount,"decimal(18,4)",NO,,,
dms_sd_doccustomerpoitempromo,szProductBonusId,varchar(50),NO,MUL,,
dms_sd_doccustomerpoitempromo,decQtyBonus,"decimal(18,4)",NO,,,
dms_sd_doccustomerpoitempromo,decDiscountValue,"decimal(18,4)",NO,,,
dms_sd_doccustomerpoitempromo,decQtyBonusValue,"decimal(18,4)",NO,,,
dms_sd_docdebitnote,iInternalId,int(10) unsigned,NO,PRI,auto_increment,
dms_sd_docdebitnote,iId,char(50),NO,PRI,,
dms_sd_docdebitnote,szDocId,varchar(50),NO,UNI,,
dms_sd_docdebitnote,dtmDoc,datetime,NO,MUL,,
dms_sd_docdebitnote,szCustomerId,varchar(50),NO,,,
dms_sd_docdebitnote,intPrintedCount,int(10),NO,,,
dms_sd_docdebitnote,szBranchId,varchar(50),NO,,,
dms_sd_docdebitnote,szCompanyId,varchar(50),NO,,,
dms_sd_docdebitnote,szDocStatus,varchar(50),NO,,,
dms_sd_docdebitnote,szUserCreatedId,varchar(20),NO,,,
dms_sd_docdebitnote,szUserUpdatedId,varchar(20),NO,,,
dms_sd_docdebitnote,dtmCreated,datetime,NO,,,
dms_sd_docdebitnote,dtmLastUpdated,datetime,NO,,,
dms_sd_docdebitnoteitem,iInternalId,int(10) unsigned,NO,PRI,auto_increment,
dms_sd_docdebitnoteitem,iId,char(50),NO,PRI,,
dms_sd_docdebitnoteitem,szDocId,varchar(50),NO,MUL,,
dms_sd_docdebitnoteitem,intItemNumber,int(10),NO,,,
dms_sd_docdebitnoteitem,szDescription,varchar(1000),NO,,,
dms_sd_docdebitnoteitem,decAmount,"decimal(18,4)",NO,,,
dms_sd_docdo,iInternalId,int(10) unsigned,NO,PRI,auto_increment,
dms_sd_docdo,iId,char(50),NO,PRI,,
dms_sd_docdo,szDocId,varchar(50),NO,UNI,,
dms_sd_docdo,dtmDoc,datetime,NO,MUL,,
dms_sd_docdo,szCustomerId,varchar(50),NO,MUL,,
dms_sd_docdo,szEmployeeId,varchar(50),NO,MUL,,
dms_sd_docdo,szOrderTypeId,varchar(50),NO,MUL,,
dms_sd_docdo,bCash,tinyint(3) unsigned,NO,,,
dms_sd_docdo,bInvoiced,tinyint(3) unsigned,NO,MUL,,
dms_sd_docdo,szPaymentTermId,varchar(50),NO,MUL,,
dms_sd_docdo,szDocSoId,varchar(50),NO,MUL,,
dms_sd_docdo,szCarrier,varchar(50),NO,MUL,,
dms_sd_docdo,szVehicleId,varchar(50),NO,MUL,,
dms_sd_docdo,szHelper1,varchar(50),NO,MUL,,
dms_sd_docdo,szHelper2,varchar(50),NO,MUL,,
dms_sd_docdo,bDirectWarehouse,tinyint(3) unsigned,NO,,,
dms_sd_docdo,szWarehouseId,varchar(50),NO,,,
dms_sd_docdo,szStockTypeId,varchar(50),NO,,,
dms_sd_docdo,szCustomerPO,varchar(50),NO,,,
dms_sd_docdo,dtmCustomerPO,datetime,NO,,,
dms_sd_docdo,szSalesId,varchar(50),NO,MUL,,
dms_sd_docdo,szDocStockOutCustomerId,varchar(50),NO,,,
dms_sd_docdo,szReturnFromId,varchar(50),NO,,,
dms_sd_docdo,szVehicle2,varchar(50),NO,,,
dms_sd_docdo,szDriver2,varchar(50),NO,,,
dms_sd_docdo,szVehicle3,varchar(50),NO,,,
dms_sd_docdo,szDriver3,varchar(50),NO,,,
dms_sd_docdo,szDescription,varchar(250),NO,,,
dms_sd_docdo,szPromoDesc,varchar(250),NO,,,
dms_sd_docdo,intPrintedCount,int(10),NO,,,
dms_sd_docdo,szBranchId,varchar(50),NO,MUL,,
dms_sd_docdo,szCompanyId,varchar(50),NO,MUL,,
dms_sd_docdo,szDocStatus,varchar(50),NO,MUL,,
dms_sd_docdo,szUserCreatedId,varchar(20),NO,,,
dms_sd_docdo,szUserUpdatedId,varchar(20),NO,,,
dms_sd_docdo,dtmCreated,datetime,NO,MUL,,
dms_sd_docdo,dtmLastUpdated,datetime,NO,,,
dms_sd_docdo,dtmMobileTransaction,timestamp,NO,,on update CURRENT_TIMESTAMP,
dms_sd_docdo,szMobileId,varchar(50),NO,,,
dms_sd_docdo,szManualNo,varchar(50),NO,MUL,,
dms_sd_docdocorrection,iInternalId,int(10) unsigned,NO,PRI,auto_increment,
dms_sd_docdocorrection,iId,char(50),NO,PRI,,
dms_sd_docdocorrection,szDocId,varchar(50),NO,UNI,,
dms_sd_docdocorrection,dtmDoc,datetime,NO,,,
dms_sd_docdocorrection,intPrintedCount,int(10),NO,,,
dms_sd_docdocorrection,szBranchId,varchar(50),NO,MUL,,
dms_sd_docdocorrection,szCompanyId,varchar(50),NO,MUL,,
dms_sd_docdocorrection,szDocStatus,varchar(50),NO,MUL,,
dms_sd_docdocorrection,szUserCreatedId,varchar(20),NO,,,
dms_sd_docdocorrection,szUserUpdatedId,varchar(20),NO,,,
dms_sd_docdocorrection,dtmCreated,datetime,NO,,,
dms_sd_docdocorrection,dtmLastUpdated,datetime,NO,,,
dms_sd_docdocorrectionitem,iInternalId,int(10) unsigned,NO,PRI,auto_increment,
dms_sd_docdocorrectionitem,iId,char(50),NO,PRI,,
dms_sd_docdocorrectionitem,szDocId,varchar(50),NO,MUL,,
dms_sd_docdocorrectionitem,intItemNumber,int(10),NO,,,
dms_sd_docdocorrectionitem,szDocDoId,varchar(50),NO,MUL,,
dms_sd_docdocorrectionitem,szDocDoCustId,varchar(50),NO,MUL,,
dms_sd_docdocorrectionitem,szCustomerId,varchar(50),NO,,,
dms_sd_docdoinvoice,iInternalId,int(10) unsigned,NO,PRI,auto_increment,
dms_sd_docdoinvoice,iId,char(50),NO,PRI,,
dms_sd_docdoinvoice,szDocId,varchar(50),NO,MUL,,
dms_sd_docdoinvoice,intItemNumber,int(10),NO,,,
dms_sd_docdoinvoice,szDocInvoiceId,varchar(50),NO,MUL,,
dms_sd_docdoitem,iInternalId,int(10) unsigned,NO,PRI,auto_increment,
dms_sd_docdoitem,iId,char(50),NO,PRI,,
dms_sd_docdoitem,szDocId,varchar(50),NO,MUL,,
dms_sd_docdoitem,intItemNumber,int(10),NO,,,
dms_sd_docdoitem,szProductId,varchar(50),NO,MUL,,
dms_sd_docdoitem,szOrderItemTypeId,varchar(50),NO,MUL,,
dms_sd_docdoitem,szTrnType,varchar(50),NO,MUL,,
dms_sd_docdoitem,decQty,"decimal(18,2)",NO,MUL,,
dms_sd_docdoitem,szUomId,varchar(50),NO,MUL,,
dms_sd_docdoitemprice,iInternalId,int(10) unsigned,NO,PRI,auto_increment,
dms_sd_docdoitemprice,iId,char(50),NO,PRI,,
dms_sd_docdoitemprice,szDocId,varchar(50),NO,MUL,,
dms_sd_docdoitemprice,intItemNumber,int(10),NO,,,
dms_sd_docdoitemprice,intItemDetailNumber,int(10),NO,,,
dms_sd_docdoitemprice,szPriceId,varchar(50),NO,MUL,,
dms_sd_docdoitemprice,decPrice,"decimal(18,4)",NO,,,
dms_sd_docdoitemprice,decDiscount,"decimal(18,4)",NO,,,
dms_sd_docdoitemprice,bTaxable,tinyint(3) unsigned,NO,,,
dms_sd_docdoitemprice,decAmount,"decimal(18,4)",NO,,,
dms_sd_docdoitemprice,decTax,"decimal(18,4)",NO,,,
dms_sd_docdoitemprice,decDpp,"decimal(18,4)",NO,,,
dms_sd_docdoitemprice,szTaxId,varchar(50),NO,MUL,,
dms_sd_docdoitemprice,decTaxRate,"decimal(18,4)",NO,,,
dms_sd_docdoitemprice,decDiscPrinciple,"decimal(18,4)",NO,,,
dms_sd_docdoitemprice,decDiscDistributor,"decimal(18,4)",NO,,,
dms_sd_docdoitemprice,decDiscInternal,"decimal(18,4)",NO,,,
dms_sd_docdoitempromo,iInternalId,int(10) unsigned,NO,PRI,auto_increment,
dms_sd_docdoitempromo,iId,char(50),NO,PRI,,
dms_sd_docdoitempromo,szDocId,varchar(50),NO,MUL,,
dms_sd_docdoitempromo,intItemNumber,int(10),NO,,,
dms_sd_docdoitempromo,intItemDetailNumber,int(10),NO,,,
dms_sd_docdoitempromo,szPromoId,varchar(50),NO,,,
dms_sd_docdoitempromo,bBonusProduct,tinyint(3) unsigned,NO,,,
dms_sd_docdoitempromo,szDiscountType,varchar(50),NO,,,
dms_sd_docdoitempromo,decDiscount,"decimal(18,4)",NO,,,
dms_sd_docdoitempromo,szProductBonusId,varchar(50),NO,MUL,,
dms_sd_docdoitempromo,decQtyBonus,"decimal(18,4)",NO,,,
dms_sd_docdoitempromo,decDiscountValue,"decimal(18,4)",NO,,,
dms_sd_docdoitempromo,decQtyBonusValue,"decimal(18,4)",NO,,,
dms_sd_docdoitemreason,iInternalId,int(10) unsigned,NO,PRI,auto_increment,
dms_sd_docdoitemreason,iId,char(50),NO,PRI,,
dms_sd_docdoitemreason,szDocId,varchar(50),NO,MUL,,
dms_sd_docdoitemreason,intItemNumber,int(11),NO,,,
dms_sd_docdoitemreason,intItemDetailNumber,int(11),NO,,,
dms_sd_docdoitemreason,decQty,"decimal(18,4)",NO,,,
dms_sd_docdoitemreason,szReasonId,varchar(50),NO,MUL,,
dms_sd_docinvoice,iInternalId,int(10) unsigned,NO,PRI,auto_increment,
dms_sd_docinvoice,iId,char(50),NO,PRI,,
dms_sd_docinvoice,szDocId,varchar(50),NO,UNI,,
dms_sd_docinvoice,dtmDoc,datetime,NO,MUL,,
dms_sd_docinvoice,szCustomerId,varchar(50),NO,MUL,,
dms_sd_docinvoice,szEmployeeId,varchar(50),NO,MUL,,
dms_sd_docinvoice,szOrderTypeId,varchar(50),NO,MUL,,
dms_sd_docinvoice,bCash,tinyint(3) unsigned,NO,,,
dms_sd_docinvoice,szPaymentTermId,varchar(50),NO,MUL,,
dms_sd_docinvoice,bFakturPajak,tinyint(3) unsigned,NO,MUL,,
dms_sd_docinvoice,szCancelId,varchar(50),NO,MUL,,
dms_sd_docinvoice,szCorrectionId,varchar(50),NO,MUL,,
dms_sd_docinvoice,szRefDocId,varchar(50),NO,MUL,,
dms_sd_docinvoice,szStatus,varchar(10),NO,MUL,,
dms_sd_docinvoice,szInvoiceChangeNo,varchar(50),NO,,,
dms_sd_docinvoice,szDescription,varchar(500),YES,,,
dms_sd_docinvoice,dtmInvoiceChange,datetime,NO,,,
dms_sd_docinvoice,intPrintedCount,int(10),NO,,,
dms_sd_docinvoice,szBranchId,varchar(50),NO,MUL,,
dms_sd_docinvoice,szCompanyId,varchar(50),NO,MUL,,
dms_sd_docinvoice,szDocStatus,varchar(50),NO,MUL,,
dms_sd_docinvoice,szReasonId,varchar(50),NO,MUL,,
dms_sd_docinvoice,szUserCreatedId,varchar(20),NO,,,
dms_sd_docinvoice,szUserUpdatedId,varchar(20),NO,,,
dms_sd_docinvoice,dtmCreated,datetime,NO,,,
dms_sd_docinvoice,dtmLastUpdated,datetime,NO,,,
dms_sd_docinvoicechange,iInternalId,int(10) unsigned,NO,PRI,auto_increment,
dms_sd_docinvoicechange,iId,char(50),NO,PRI,,
dms_sd_docinvoicechange,szDocId,varchar(50),NO,UNI,,
dms_sd_docinvoicechange,dtmDoc,datetime,NO,MUL,,
dms_sd_docinvoicechange,intPrintedCount,int(10),NO,,,
dms_sd_docinvoicechange,szBranchId,varchar(50),NO,MUL,,
dms_sd_docinvoicechange,szCompanyId,varchar(50),NO,,,
dms_sd_docinvoicechange,szDocStatus,varchar(50),NO,,,
dms_sd_docinvoicechange,szUserCreatedId,varchar(20),NO,,,
dms_sd_docinvoicechange,szUserUpdatedId,varchar(20),NO,,,
dms_sd_docinvoicechange,dtmCreated,datetime,NO,,,
dms_sd_docinvoicechange,dtmLastUpdated,datetime,NO,,,
dms_sd_docinvoicechangeitem,iInternalId,int(10) unsigned,NO,PRI,auto_increment,
dms_sd_docinvoicechangeitem,iId,char(50),NO,PRI,,
dms_sd_docinvoicechangeitem,szDocId,varchar(50),NO,MUL,,
dms_sd_docinvoicechangeitem,intItemNumber,int(10),NO,,,
dms_sd_docinvoicechangeitem,szInvoiceId,varchar(50),NO,MUL,,
dms_sd_docinvoicechangeitem,szRefDocId,varchar(50),NO,,,
dms_sd_docinvoiceitem,iInternalId,int(10) unsigned,NO,PRI,auto_increment,
dms_sd_docinvoiceitem,iId,char(50),NO,PRI,,
dms_sd_docinvoiceitem,szDocId,varchar(50),NO,MUL,,
dms_sd_docinvoiceitem,intItemNumber,int(10),NO,,,
dms_sd_docinvoiceitem,szDocDoId,varchar(50),NO,,,
dms_sd_docinvoiceitem,dtmDO,datetime,NO,,,
dms_sd_docinvoiceitem,szProductId,varchar(50),NO,MUL,,
dms_sd_docinvoiceitem,szOrderItemTypeId,varchar(50),NO,MUL,,
dms_sd_docinvoiceitem,szTrnType,varchar(50),NO,MUL,,
dms_sd_docinvoiceitem,decQty,"decimal(18,2)",NO,,,
dms_sd_docinvoiceitem,szUomId,varchar(50),NO,MUL,,
dms_sd_docinvoiceitem,szSerialNumber,varchar(50),YES,,,
dms_sd_docinvoiceitemprice,iInternalId,int(10) unsigned,NO,PRI,auto_increment,
dms_sd_docinvoiceitemprice,iId,char(50),NO,PRI,,
dms_sd_docinvoiceitemprice,szDocId,varchar(50),NO,MUL,,
dms_sd_docinvoiceitemprice,intItemNumber,int(10),NO,,,
dms_sd_docinvoiceitemprice,intItemDetailNumber,int(10),NO,,,
dms_sd_docinvoiceitemprice,szPriceId,varchar(50),NO,MUL,,
dms_sd_docinvoiceitemprice,decPrice,varchar(50),NO,,,
dms_sd_docinvoiceitemprice,decDiscount,"decimal(18,4)",NO,,,
dms_sd_docinvoiceitemprice,bTaxable,tinyint(3) unsigned,NO,,,
dms_sd_docinvoiceitemprice,decAmount,"decimal(18,4)",NO,,,
dms_sd_docinvoiceitemprice,decTax,"decimal(18,4)",NO,,,
dms_sd_docinvoiceitemprice,decDpp,"decimal(18,4)",NO,,,
dms_sd_docinvoiceitemprice,szTaxId,varchar(50),NO,,,
dms_sd_docinvoiceitemprice,decTaxRate,"decimal(18,4)",NO,,,
dms_sd_docinvoiceitemprice,decDiscPrinciple,"decimal(18,4)",NO,,,
dms_sd_docinvoiceitemprice,decDiscDistributor,"decimal(18,4)",NO,,,
dms_sd_docinvoiceitemprice,decDiscInternal,"decimal(18,4)",NO,,,
dms_sd_docinvoiceitempromo,iInternalId,int(10) unsigned,NO,PRI,auto_increment,
dms_sd_docinvoiceitempromo,iId,char(50),NO,PRI,,
dms_sd_docinvoiceitempromo,szDocId,varchar(50),NO,MUL,,
dms_sd_docinvoiceitempromo,intItemNumber,int(10),NO,,,
dms_sd_docinvoiceitempromo,intItemDetailNumber,int(10),NO,,,
dms_sd_docinvoiceitempromo,szPromoId,varchar(50),NO,,,
dms_sd_docinvoiceitempromo,bBonusProduct,tinyint(3) unsigned,NO,,,
dms_sd_docinvoiceitempromo,szDiscountType,varchar(50),NO,,,
dms_sd_docinvoiceitempromo,decDiscount,"decimal(18,4)",NO,,,
dms_sd_docinvoiceitempromo,szProductBonusId,varchar(50),NO,MUL,,
dms_sd_docinvoiceitempromo,decQtyBonus,"decimal(18,4)",NO,,,
dms_sd_docinvoiceitempromo,decDiscountValue,"decimal(18,4)",NO,,,
dms_sd_docinvoiceitempromo,decQtyBonusValue,"decimal(18,4)",NO,,,
dms_sd_docpo,iInternalId,int(10) unsigned,NO,PRI,auto_increment,
dms_sd_docpo,iId,char(50),NO,PRI,,
dms_sd_docpo,szDocId,varchar(50),NO,UNI,,
dms_sd_docpo,dtmDoc,datetime,NO,MUL,,
dms_sd_docpo,szCustomerId,varchar(50),NO,MUL,,
dms_sd_docpo,szEmployeeId,varchar(50),NO,,,
dms_sd_docpo,szPoSourceId,varchar(50),NO,,,
dms_sd_docpo,szCustomerPONo,varchar(50),NO,,,
dms_sd_docpo,szOrderTypeId,varchar(50),NO,MUL,,
dms_sd_docpo,bCash,tinyint(3) unsigned,NO,,,
dms_sd_docpo,szPaymentTermId,varchar(50),NO,MUL,,
dms_sd_docpo,intPrintedCount,int(10),NO,,,
dms_sd_docpo,szBranchId,varchar(50),NO,,,
dms_sd_docpo,szCompanyId,varchar(50),NO,,,
dms_sd_docpo,szDocStatus,varchar(50),NO,,,
dms_sd_docpo,szUserCreatedId,varchar(20),NO,,,
dms_sd_docpo,szUserUpdatedId,varchar(20),NO,,,
dms_sd_docpo,dtmCreated,datetime,NO,,,
dms_sd_docpo,dtmLastUpdated,datetime,NO,,,
dms_sd_docpoitem,iInternalId,int(10) unsigned,NO,PRI,auto_increment,
dms_sd_docpoitem,iId,char(50),NO,PRI,,
dms_sd_docpoitem,szDocId,varchar(50),NO,MUL,,
dms_sd_docpoitem,intItemNumber,int(10),NO,,,
dms_sd_docpoitem,szProductId,varchar(50),NO,,,
dms_sd_docpoitem,szOrderItemTypeId,varchar(50),NO,,,
dms_sd_docpoitem,szTrnType,varchar(50),NO,,,
dms_sd_docpoitem,decQty,"decimal(18,2)",NO,,,
dms_sd_docpoitem,szUomId,varchar(50),NO,,,
dms_sd_docpoitemprice,iInternalId,int(10) unsigned,NO,PRI,auto_increment,
dms_sd_docpoitemprice,iId,char(50),NO,PRI,,
dms_sd_docpoitemprice,szDocId,varchar(50),NO,,,
dms_sd_docpoitemprice,intItemNumber,int(10),NO,,,
dms_sd_docpoitemprice,intItemDetailNumber,int(10),NO,,,
dms_sd_docpoitemprice,szPriceId,varchar(50),NO,MUL,,
dms_sd_docpoitemprice,decPrice,varchar(50),NO,,,
dms_sd_docpoitemprice,decDiscount,"decimal(18,4)",NO,,,
dms_sd_docpoitemprice,bTaxable,tinyint(3) unsigned,NO,,,
dms_sd_docpoitemprice,decAmount,"decimal(18,4)",NO,,,
dms_sd_docpoitemprice,decTax,"decimal(18,4)",NO,,,
dms_sd_docpoitemprice,decDpp,"decimal(18,4)",NO,,,
dms_sd_docpoitemprice,szTaxId,varchar(50),NO,MUL,,
dms_sd_docpoitemprice,decTaxRate,"decimal(18,4)",NO,,,
dms_sd_docproductrequest,iInternalId,int(10) unsigned,NO,PRI,auto_increment,
dms_sd_docproductrequest,iId,char(50),NO,PRI,,
dms_sd_docproductrequest,szDocId,varchar(50),NO,UNI,,
dms_sd_docproductrequest,dtmDoc,datetime,NO,MUL,,
dms_sd_docproductrequest,szEmployeeId,varchar(50),NO,MUL,,
dms_sd_docproductrequest,szWarehouseId,varchar(50),NO,MUL,,
dms_sd_docproductrequest,szStockType,varchar(50),NO,,,
dms_sd_docproductrequest,intPrintedCount,int(10),NO,,,
dms_sd_docproductrequest,szBranchId,varchar(50),NO,,,
dms_sd_docproductrequest,szCompanyId,varchar(50),NO,,,
dms_sd_docproductrequest,szDocStatus,varchar(50),NO,,,
dms_sd_docproductrequest,szUserCreatedId,varchar(20),NO,,,
dms_sd_docproductrequest,szUserUpdatedId,varchar(20),NO,,,
dms_sd_docproductrequest,dtmCreated,datetime,NO,,,
dms_sd_docproductrequest,dtmLastUpdated,datetime,NO,,,
dms_sd_docproductrequest,szVehicleId,varchar(50),NO,,,
dms_sd_docproductrequest,bFullFilled,tinyint(4),NO,MUL,,
dms_sd_docproductrequestitem,iInternalId,int(10) unsigned,NO,PRI,auto_increment,
dms_sd_docproductrequestitem,iId,char(50),NO,PRI,,
dms_sd_docproductrequestitem,szDocId,varchar(50),NO,MUL,,
dms_sd_docproductrequestitem,intItemNumber,int(10),NO,,,
dms_sd_docproductrequestitem,szProductId,varchar(50),NO,MUL,,
dms_sd_docproductrequestitem,decQty,"decimal(18,2)",NO,,,
dms_sd_docproductrequestitem,szUomId,varchar(50),NO,MUL,,
dms_sd_docremainstockincustomer,iInternalId,int(10) unsigned,NO,PRI,auto_increment,
dms_sd_docremainstockincustomer,iId,char(50),NO,PRI,,
dms_sd_docremainstockincustomer,szDocId,varchar(50),NO,UNI,,
dms_sd_docremainstockincustomer,dtmDoc,timestamp,NO,,on update CURRENT_TIMESTAMP,
dms_sd_docremainstockincustomer,szCustomerId,varchar(50),NO,,,
dms_sd_docremainstockincustomer,szEmployeeId,varchar(50),NO,,,
dms_sd_docremainstockincustomer,intPrintedCount,int(10),NO,,,
dms_sd_docremainstockincustomer,szBranchId,varchar(50),NO,,,
dms_sd_docremainstockincustomer,szCompanyId,varchar(50),NO,,,
dms_sd_docremainstockincustomer,szDocStatus,varchar(50),NO,,,
dms_sd_docremainstockincustomer,szUserCreatedId,varchar(20),NO,,,
dms_sd_docremainstockincustomer,szUserUpdatedId,varchar(20),NO,,,
dms_sd_docremainstockincustomer,dtmCreated,timestamp,NO,,,
dms_sd_docremainstockincustomer,dtmLastUpdated,timestamp,NO,,,
dms_sd_docremainstockincustomeritem,iInternalId,int(10) unsigned,NO,PRI,auto_increment,
dms_sd_docremainstockincustomeritem,iId,char(50),NO,PRI,,
dms_sd_docremainstockincustomeritem,szDocId,varchar(50),NO,MUL,,
dms_sd_docremainstockincustomeritem,intItemNumber,int(10),NO,,,
dms_sd_docremainstockincustomeritem,szProductId,varchar(50),NO,,,
dms_sd_docremainstockincustomeritem,decQty,"decimal(18,2)",NO,,,
dms_sd_docremainstockincustomeritem,decQtyDisplay,"decimal(18,2)",NO,,,
dms_sd_docremainstockincustomeritem,szUomId,varchar(50),NO,,,
dms_sd_docsettlement,iInternalId,int(10) unsigned,NO,PRI,auto_increment,
dms_sd_docsettlement,iId,char(50),NO,PRI,,
dms_sd_docsettlement,szDocId,varchar(50),NO,UNI,,
dms_sd_docsettlement,dtmDoc,datetime,NO,,,
dms_sd_docsettlement,dtmFrom,timestamp,NO,,,
dms_sd_docsettlement,dtmTo,timestamp,NO,,,
dms_sd_docsettlement,szSettBranchId,varchar(50),NO,,,
dms_sd_docsettlement,szEmployeeId,varchar(50),NO,,,
dms_sd_docsettlement,szSettlementType,varchar(10),NO,,,
dms_sd_docsettlement,bCashClosing,tinyint(3) unsigned,NO,,,
dms_sd_docsettlement,bDistributionClosing,tinyint(3) unsigned,NO,,,
dms_sd_docsettlement,bInventoryClosing,tinyint(3) unsigned,NO,,,
dms_sd_docsettlement,bDalilyClosing,tinyint(3) unsigned,NO,,,
dms_sd_docsettlement,intPrintedCount,int(10),NO,,,
dms_sd_docsettlement,szBranchId,varchar(50),NO,,,
dms_sd_docsettlement,szCompanyId,varchar(50),NO,,,
dms_sd_docsettlement,szDocStatus,varchar(50),NO,,,
dms_sd_docsettlement,szUserCreatedId,varchar(20),NO,,,
dms_sd_docsettlement,szUserUpdatedId,varchar(20),NO,,,
dms_sd_docsettlement,dtmCreated,datetime,NO,,,
dms_sd_docsettlement,dtmLastUpdated,datetime,NO,,,
dms_sd_docsettlementitem,iInternalId,int(10) unsigned,NO,PRI,auto_increment,
dms_sd_docsettlementitem,iId,char(50),NO,PRI,,
dms_sd_docsettlementitem,szDocId,varchar(50),NO,MUL,,
dms_sd_docsettlementitem,intItemNumber,int(10),NO,,,
dms_sd_docsettlementitem,szEmployeeId,varchar(50),NO,,,
dms_sd_docsettlementitem,bDistributionSettlement,tinyint(3) unsigned,NO,,,
dms_sd_docsettlementitem,bCashierSettlement,tinyint(3) unsigned,NO,,,
dms_sd_docsettlementitem,bInventorySettlement,tinyint(3) unsigned,NO,,,
dms_sd_docsettlementitemdetail,iInternalId,int(10) unsigned,NO,PRI,auto_increment,
dms_sd_docsettlementitemdetail,iId,char(50),NO,PRI,,
dms_sd_docsettlementitemdetail,szDocId,varchar(50),NO,MUL,,
dms_sd_docsettlementitemdetail,intItemNumber,int(10),NO,,,
dms_sd_docsettlementitemdetail,intItemNumber2,int(10),NO,,,
dms_sd_docsettlementitemdetail,szItemId,varchar(50),NO,,,
dms_sd_docsettlementitemdetail,szItemNM,varchar(1000),NO,,,
dms_sd_docsettlementitemdetail,decValue,"decimal(18,4)",NO,,,
dms_sd_docsettlementitemdetail,szSettlementType,varchar(50),NO,,,
dms_sd_docsettlementitemdetail,szSettlementDirection,varchar(5),NO,,,
dms_sd_docsettlementitemdetail,szRefDocId,varchar(50),NO,,,
dms_sd_docsettlementitemdetail,szTrnId,varchar(50),NO,,,
dms_sd_docsettlementitemdetail,szDocStatus,varchar(50),NO,,,
dms_sd_docsncorrection,iInternalId,int(10) unsigned,NO,PRI,auto_increment,
dms_sd_docsncorrection,iId,char(50),NO,PRI,,
dms_sd_docsncorrection,szDocId,varchar(50),NO,UNI,,
dms_sd_docsncorrection,dtmDoc,datetime,NO,MUL,,
dms_sd_docsncorrection,szCustomerId,varchar(50),NO,MUL,,
dms_sd_docsncorrection,szProductId,varchar(50),NO,MUL,,
dms_sd_docsncorrection,intPrintedCount,int(10),NO,,,
dms_sd_docsncorrection,szBranchId,varchar(50),NO,,,
dms_sd_docsncorrection,szCompanyId,varchar(50),NO,,,
dms_sd_docsncorrection,szDocStatus,varchar(50),NO,,,
dms_sd_docsncorrection,szUserCreatedId,varchar(20),NO,,,
dms_sd_docsncorrection,szUserUpdatedId,varchar(20),NO,,,
dms_sd_docsncorrection,dtmCreated,datetime,NO,,,
dms_sd_docsncorrection,dtmLastUpdated,datetime,NO,,,
dms_sd_docsncorrectionitem,iInternalId,int(10) unsigned,NO,PRI,auto_increment,
dms_sd_docsncorrectionitem,iId,char(50),NO,PRI,,
dms_sd_docsncorrectionitem,szDocId,varchar(50),NO,MUL,,
dms_sd_docsncorrectionitem,intItemNumber,int(10),NO,,,
dms_sd_docsncorrectionitem,szSNId,varchar(50),NO,,,
dms_sd_docsncorrectionitem,szSnIdReplacement,varchar(50),NO,,,
dms_sd_docsncorrectionitem,szDescription,varchar(1000),NO,,,
dms_sd_docsncorrectionitem,bDelete,tinyint(3) unsigned,NO,,,
dms_sd_docsncorrectionitem,bReplacement,tinyint(3) unsigned,NO,,,
dms_sd_docsncorrectionitem,bAddNew,tinyint(3) unsigned,NO,,,
dms_sd_docsncorrectionitem,dtmLastInvoiced,datetime,NO,,,
dms_sd_docsncorrectionitem,decPrice,"decimal(18,2)",NO,,,
dms_sd_docso,iInternalId,int(10) unsigned,NO,PRI,auto_increment,
dms_sd_docso,iId,char(50),NO,PRI,,
dms_sd_docso,szDocId,varchar(50),NO,UNI,,
dms_sd_docso,dtmDoc,datetime,NO,,,
dms_sd_docso,szCustomerId,varchar(50),NO,MUL,,
dms_sd_docso,szEmployeeId,varchar(50),NO,MUL,,
dms_sd_docso,szOrderTypeId,varchar(50),NO,MUL,,
dms_sd_docso,bCash,tinyint(3) unsigned,NO,,,
dms_sd_docso,szPaymentTermId,varchar(50),NO,MUL,,
dms_sd_docso,szPOId,varchar(50),NO,MUL,,
dms_sd_docso,dtmPO,datetime,NO,,,
dms_sd_docso,dtmPOExpired,datetime,NO,,,
dms_sd_docso,szPOSourceId,varchar(50),NO,,,
dms_sd_docso,szShipBranchId,varchar(50),NO,MUL,,
dms_sd_docso,szStatus,varchar(10),NO,MUL,,
dms_sd_docso,intPrintedCount,int(10),NO,,,
dms_sd_docso,szBranchId,varchar(50),NO,,,
dms_sd_docso,szCompanyId,varchar(50),NO,,,
dms_sd_docso,szDocStatus,varchar(50),NO,,,
dms_sd_docso,szUserCreatedId,varchar(20),NO,,,
dms_sd_docso,szUserUpdatedId,varchar(20),NO,,,
dms_sd_docso,dtmCreated,datetime,NO,,,
dms_sd_docso,dtmLastUpdated,datetime,NO,,,
dms_sd_docso,dtmMobileTransaction,timestamp,NO,,on update CURRENT_TIMESTAMP,
dms_sd_docso,szMobileId,varchar(50),NO,MUL,,
dms_sd_docso,szDescription,varchar(500),NO,,,
dms_sd_docso,szPromoDesc,varchar(500),NO,,,
dms_sd_docso,szParentDocId,varchar(50),NO,,,
dms_sd_docso,dtmReqDlvDate,datetime,NO,MUL,,
dms_sd_docsoitem,iInternalId,int(10) unsigned,NO,PRI,auto_increment,
dms_sd_docsoitem,iId,char(50),NO,PRI,,
dms_sd_docsoitem,szDocId,varchar(50),NO,MUL,,
dms_sd_docsoitem,intItemNumber,int(10),NO,,,
dms_sd_docsoitem,szProductId,varchar(50),NO,MUL,,
dms_sd_docsoitem,szOrderItemTypeId,varchar(50),NO,MUL,,
dms_sd_docsoitem,szTrnType,varchar(50),NO,,,
dms_sd_docsoitem,decQty,"decimal(18,2)",NO,,,
dms_sd_docsoitem,szUomId,varchar(50),NO,MUL,,
dms_sd_docsoitem,decQtyDelivered,"decimal(18,2)",NO,,,
dms_sd_docsoitemadditionaldiscount,iInternalId,int(10) unsigned,NO,PRI,auto_increment,
dms_sd_docsoitemadditionaldiscount,iId,char(50),NO,PRI,,
dms_sd_docsoitemadditionaldiscount,szDocId,varchar(50),NO,MUL,,
dms_sd_docsoitemadditionaldiscount,intItemNumber,int(10),NO,,,
dms_sd_docsoitemadditionaldiscount,intItemDetailNumber,int(10),NO,,,
dms_sd_docsoitemadditionaldiscount,szAdditionalDiscountId,varchar(50),NO,,,
dms_sd_docsoitemadditionaldiscount,szDiscountType,varchar(50),NO,,,
dms_sd_docsoitemadditionaldiscount,decDiscountValue,"decimal(18,4)",NO,,,
dms_sd_docsoitemprice,iInternalId,int(10) unsigned,NO,PRI,auto_increment,
dms_sd_docsoitemprice,iId,char(50),NO,PRI,,
dms_sd_docsoitemprice,szDocId,varchar(50),NO,MUL,,
dms_sd_docsoitemprice,intItemNumber,int(10),NO,,,
dms_sd_docsoitemprice,intItemDetailNumber,int(10),NO,,,
dms_sd_docsoitemprice,szPriceId,varchar(50),NO,MUL,,
dms_sd_docsoitemprice,decPrice,varchar(50),NO,,,
dms_sd_docsoitemprice,decDiscount,"decimal(18,4)",NO,,,
dms_sd_docsoitemprice,bTaxable,tinyint(3) unsigned,NO,,,
dms_sd_docsoitemprice,decAmount,"decimal(18,4)",NO,,,
dms_sd_docsoitemprice,decTax,"decimal(18,4)",NO,,,
dms_sd_docsoitemprice,decDpp,"decimal(18,4)",NO,,,
dms_sd_docsoitemprice,szTaxId,varchar(50),NO,MUL,,
dms_sd_docsoitemprice,decTaxRate,"decimal(18,4)",NO,,,
dms_sd_docsoitemprice,decDiscPrinciple,"decimal(18,4)",NO,,,
dms_sd_docsoitemprice,decDiscDistributor,"decimal(18,4)",NO,,,
dms_sd_docsoitemprice,decDiscInternal,"decimal(18,4)",NO,,,
dms_sd_docsoitempromo,iInternalId,int(10) unsigned,NO,PRI,auto_increment,
dms_sd_docsoitempromo,iId,char(50),NO,PRI,,
dms_sd_docsoitempromo,szDocId,varchar(50),NO,MUL,,
dms_sd_docsoitempromo,intItemNumber,int(10),NO,,,
dms_sd_docsoitempromo,intItemDetailNumber,int(10),NO,,,
dms_sd_docsoitempromo,szPromoId,varchar(50),NO,,,
dms_sd_docsoitempromo,bBonusProduct,tinyint(3) unsigned,NO,,,
dms_sd_docsoitempromo,szDiscountType,varchar(50),NO,,,
dms_sd_docsoitempromo,decDiscount,"decimal(18,4)",NO,,,
dms_sd_docsoitempromo,szProductBonusId,varchar(50),NO,MUL,,
dms_sd_docsoitempromo,decQtyBonus,"decimal(18,4)",NO,,,
dms_sd_docsoitempromo,decDiscountValue,"decimal(18,4)",NO,,,
dms_sd_docsoitempromo,decQtyBonusValue,"decimal(18,4)",NO,,,
dms_sd_docsostatuscorrection,iInternalId,int(10) unsigned,NO,PRI,auto_increment,
dms_sd_docsostatuscorrection,iId,char(50),NO,PRI,,
dms_sd_docsostatuscorrection,szDocId,varchar(50),NO,UNI,,
dms_sd_docsostatuscorrection,dtmDoc,datetime,NO,,,
dms_sd_docsostatuscorrection,intPrintedCount,int(10),NO,,,
dms_sd_docsostatuscorrection,szBranchId,varchar(50),NO,,,
dms_sd_docsostatuscorrection,szCompanyId,varchar(50),NO,,,
dms_sd_docsostatuscorrection,szDocStatus,varchar(50),NO,,,
dms_sd_docsostatuscorrection,szUserCreatedId,varchar(20),NO,,,
dms_sd_docsostatuscorrection,szUserUpdatedId,varchar(20),NO,,,
dms_sd_docsostatuscorrection,dtmCreated,datetime,NO,,,
dms_sd_docsostatuscorrection,dtmLastUpdated,datetime,NO,,,
dms_sd_docsostatuscorrectionitem,iInternalId,int(10) unsigned,NO,PRI,auto_increment,
dms_sd_docsostatuscorrectionitem,iId,char(50),NO,PRI,,
dms_sd_docsostatuscorrectionitem,szDocId,varchar(50),NO,MUL,,
dms_sd_docsostatuscorrectionitem,intItemNumber,int(10),NO,,,
dms_sd_docsostatuscorrectionitem,szDocSOId,varchar(50),NO,,,
dms_sd_docsostatuscorrectionitem,szCurrentStatus,varchar(20),NO,,,
dms_sd_docsostatuscorrectionitem,szChangeStatusTo,varchar(20),NO,,,
dms_sd_docsostatuscorrectionitem,szNote,varchar(1000),NO,,,
dms_sd_focconfig,iInternalId,int(10) unsigned,NO,PRI,auto_increment,
dms_sd_focconfig,iId,char(50),NO,PRI,,
dms_sd_focconfig,szId,varchar(50),NO,UNI,,
dms_sd_focconfig,szName,varchar(50),NO,,,
dms_sd_focconfig,szDescription,varchar(200),NO,,,
dms_sd_focconfig,szUserCreatedId,varchar(20),NO,,,
dms_sd_focconfig,szUserUpdatedId,varchar(20),NO,,,
dms_sd_focconfig,dtmCreated,datetime,NO,,,
dms_sd_focconfig,dtmLastUpdated,datetime,NO,,,
dms_sd_focconfigitem,iInternalId,int(10) unsigned,NO,PRI,auto_increment,
dms_sd_focconfigitem,iId,char(50),NO,PRI,,
dms_sd_focconfigitem,szId,varchar(50),NO,MUL,,
dms_sd_focconfigitem,intItemNumber,int(10),NO,,,
dms_sd_focconfigitem,szProductId,varchar(50),NO,MUL,,
dms_sd_focconfigitem,bUnlimited,tinyint(3) unsigned,NO,,,
dms_sd_focconfigitem,decQty,"decimal(18,4)",NO,,,
dms_sd_focconfigitem,szUomId,varchar(50),NO,,,
dms_sd_invoicechange,iInternalId,int(10) unsigned,NO,PRI,auto_increment,
dms_sd_invoicechange,iId,char(50),NO,PRI,,
dms_sd_invoicechange,szDocId,varchar(50),NO,MUL,,
dms_sd_invoicechange,dtmDoc,datetime,NO,,,
dms_sd_invoicechange,szInvoiceId,varchar(50),NO,MUL,,
dms_sd_invoicechange,szRefDocId,varchar(50),NO,MUL,,
dms_sd_invoicechange,szUserCreatedId,varchar(20),NO,,,
dms_sd_invoicechange,szUserUpdatedId,varchar(20),NO,,,
dms_sd_invoicechange,dtmCreated,datetime,NO,,,
dms_sd_invoicechange,dtmLastUpdated,datetime,NO,,,
dms_sd_invoicegroup,iInternalId,int(10) unsigned,NO,PRI,auto_increment,
dms_sd_invoicegroup,iId,char(50),NO,PRI,,
dms_sd_invoicegroup,szId,varchar(50),NO,UNI,,
dms_sd_invoicegroup,szName,varchar(50),NO,,,
dms_sd_invoicegroup,szDescription,varchar(200),NO,,,
dms_sd_invoicegroup,szUserCreatedId,varchar(20),NO,,,
dms_sd_invoicegroup,szUserUpdatedId,varchar(20),NO,,,
dms_sd_invoicegroup,dtmCreated,datetime,NO,,,
dms_sd_invoicegroup,dtmLastUpdated,datetime,NO,,,
dms_sd_orderitemtype,iInternalId,int(10) unsigned,NO,PRI,auto_increment,
dms_sd_orderitemtype,iId,char(50),NO,PRI,,
dms_sd_orderitemtype,szId,varchar(50),NO,UNI,,
dms_sd_orderitemtype,szName,varchar(50),NO,,,
dms_sd_orderitemtype,szDescription,varchar(200),NO,,,
dms_sd_orderitemtype,szTrnType,varchar(50),NO,MUL,,
dms_sd_orderitemtype,bTaxable,tinyint(3) unsigned,NO,,,
dms_sd_orderitemtype,bSubjectToInvoice,tinyint(3) unsigned,NO,,,
dms_sd_orderitemtype,bAllowZeroPrice,tinyint(3) unsigned,NO,,,
dms_sd_orderitemtype,bAllowNegativeQty,tinyint(3) unsigned,NO,,,
dms_sd_orderitemtype,szReturnOrderItemType,varchar(50),NO,MUL,,
dms_sd_orderitemtype,szUserCreatedId,varchar(20),NO,,,
dms_sd_orderitemtype,szUserUpdatedId,varchar(20),NO,,,
dms_sd_orderitemtype,dtmCreated,datetime,NO,,,
dms_sd_orderitemtype,dtmLastUpdated,datetime,NO,,,
dms_sd_ordertype,iInternalId,int(10) unsigned,NO,PRI,auto_increment,
dms_sd_ordertype,iId,char(50),NO,PRI,,
dms_sd_ordertype,szId,varchar(50),NO,UNI,,
dms_sd_ordertype,szName,varchar(50),NO,,,
dms_sd_ordertype,szDescription,varchar(200),NO,,,
dms_sd_ordertype,szReturnOrderType,varchar(50),NO,,,
dms_sd_ordertype,szAllowedOrderItemTypes,varchar(1000),NO,,,
dms_sd_ordertype,szUserCreatedId,varchar(20),NO,,,
dms_sd_ordertype,szUserUpdatedId,varchar(20),NO,,,
dms_sd_ordertype,dtmCreated,datetime,NO,,,
dms_sd_ordertype,dtmLastUpdated,datetime,NO,,,
dms_sd_posourcetype,iInternalId,int(10) unsigned,NO,PRI,auto_increment,
dms_sd_posourcetype,iId,char(50),NO,PRI,,
dms_sd_posourcetype,szId,varchar(50),NO,UNI,,
dms_sd_posourcetype,szName,varchar(50),NO,,,
dms_sd_posourcetype,szDescription,varchar(200),NO,,,
dms_sd_posourcetype,szUserCreatedId,varchar(20),NO,,,
dms_sd_posourcetype,szUserUpdatedId,varchar(20),NO,,,
dms_sd_posourcetype,dtmCreated,datetime,NO,,,
dms_sd_posourcetype,dtmLastUpdated,datetime,NO,,,
dms_sd_pricecatalog,iInternalId,int(10) unsigned,NO,PRI,auto_increment,
dms_sd_pricecatalog,iId,char(50),NO,PRI,,
dms_sd_pricecatalog,szId,varchar(50),NO,UNI,,
dms_sd_pricecatalog,szName,varchar(50),NO,,,
dms_sd_pricecatalog,szDescription,varchar(200),NO,,,
dms_sd_pricecatalog,szCombinationId,varchar(100),NO,MUL,,
dms_sd_pricecatalog,szCompanyId,varchar(50),NO,MUL,,
dms_sd_pricecatalog,dtmValidFrom,datetime,NO,MUL,,
dms_sd_pricecatalog,dtmValidTo,datetime,NO,MUL,,
dms_sd_pricecatalog,intPriority,int(10),NO,MUL,,
dms_sd_pricecatalog,szUserCreatedId,varchar(20),NO,,,
dms_sd_pricecatalog,szUserUpdatedId,varchar(20),NO,,,
dms_sd_pricecatalog,dtmCreated,datetime,NO,,,
dms_sd_pricecatalog,dtmLastUpdated,datetime,NO,,,
dms_sd_pricecatalogitemcombinationvalue,iInternalId,int(10) unsigned,NO,PRI,auto_increment,
dms_sd_pricecatalogitemcombinationvalue,iId,char(50),NO,PRI,,
dms_sd_pricecatalogitemcombinationvalue,szId,varchar(50),NO,MUL,,
dms_sd_pricecatalogitemcombinationvalue,intItemNumber,int(10),NO,,,
dms_sd_pricecatalogitemcombinationvalue,szCombinationId,varchar(100),NO,,,
dms_sd_pricecatalogitemcombinationvalue,szCombinationValue,varchar(100),NO,MUL,,
dms_sd_pricecatalogitemcombinationvalue,szCombinationValueNm,varchar(1000),NO,,,
dms_sd_pricecatalogitemcombinationvalueitem,iInternalId,int(10) unsigned,NO,PRI,auto_increment,
dms_sd_pricecatalogitemcombinationvalueitem,iId,char(50),NO,PRI,,
dms_sd_pricecatalogitemcombinationvalueitem,szId,varchar(50),NO,MUL,,
dms_sd_pricecatalogitemcombinationvalueitem,intItemNumber,int(10),NO,,,
dms_sd_pricecatalogitemcombinationvalueitem,intItemNumber2,int(10),NO,,,
dms_sd_pricecatalogitemcombinationvalueitem,szProductId,varchar(50),NO,MUL,,
dms_sd_pricecatalogitemcombinationvalueitem,decMinQty,"decimal(18,4)",NO,,,
dms_sd_pricecatalogitemcombinationvalueitem,bIncludeTax,tinyint(3) unsigned,NO,,,
dms_sd_pricecatalogitemcombinationvalueitem,decPrice,"decimal(18,4)",NO,,,
dms_sd_promocatalog,iInternalId,int(10) unsigned,NO,PRI,auto_increment,
dms_sd_promocatalog,iId,char(50),NO,PRI,,
dms_sd_promocatalog,szId,varchar(50),NO,UNI,,
dms_sd_promocatalog,szName,varchar(50),NO,,,
dms_sd_promocatalog,szDescription,varchar(200),NO,,,
dms_sd_promocatalog,szCombinationId,varchar(100),NO,MUL,,
dms_sd_promocatalog,szCompanyId,varchar(50),NO,MUL,,
dms_sd_promocatalog,dtmValidFrom,datetime,NO,MUL,,
dms_sd_promocatalog,dtmValidTo,datetime,NO,MUL,,
dms_sd_promocatalog,intPriority,int(10),NO,MUL,,
dms_sd_promocatalog,szUserCreatedId,varchar(20),NO,,,
dms_sd_promocatalog,szUserUpdatedId,varchar(20),NO,,,
dms_sd_promocatalog,dtmCreated,datetime,NO,,,
dms_sd_promocatalog,dtmLastUpdated,datetime,NO,,,
dms_sd_promocatalogitemcombinationvalue,iInternalId,int(10) unsigned,NO,PRI,auto_increment,
dms_sd_promocatalogitemcombinationvalue,iId,char(50),NO,PRI,,
dms_sd_promocatalogitemcombinationvalue,szId,varchar(50),NO,MUL,,
dms_sd_promocatalogitemcombinationvalue,intItemNumber,int(10),NO,,,
dms_sd_promocatalogitemcombinationvalue,szCombinationId,varchar(100),NO,,,
dms_sd_promocatalogitemcombinationvalue,szCombinationValue,varchar(100),NO,MUL,,
dms_sd_promocatalogitemcombinationvalue,szCombinationValueNm,varchar(1000),NO,,,
dms_sd_promocatalogitemcombinationvalueitem,iInternalId,int(10) unsigned,NO,PRI,auto_increment,
dms_sd_promocatalogitemcombinationvalueitem,iId,char(50),NO,PRI,,
dms_sd_promocatalogitemcombinationvalueitem,szId,varchar(50),NO,MUL,,
dms_sd_promocatalogitemcombinationvalueitem,intItemNumber,int(10),NO,,,
dms_sd_promocatalogitemcombinationvalueitem,intItemNumber2,int(10),NO,,,
dms_sd_promocatalogitemcombinationvalueitem,szProductId,varchar(50),NO,MUL,,
dms_sd_promocatalogitemcombinationvalueitem,decMinQty,"decimal(18,4)",NO,,,
dms_sd_promocatalogitemcombinationvalueitem,bIncludeTax,tinyint(3) unsigned,NO,,,
dms_sd_promocatalogitemcombinationvalueitem,szDiscountType,varchar(10),NO,,,
dms_sd_promocatalogitemcombinationvalueitem,decDiscount,"decimal(18,4)",NO,,,
dms_sd_promocatalogitemcombinationvalueitem,bBonusProduct,tinyint(3) unsigned,NO,,,
dms_sd_promocatalogitemcombinationvalueitem,szProductBonusId,varchar(50),NO,,,
dms_sd_promocatalogitemcombinationvalueitem,decQtyBonus,"decimal(18,4)",NO,,,
dms_sd_rentalproduct,iInternalId,int(10) unsigned,NO,PRI,auto_increment,
dms_sd_rentalproduct,iId,char(50),NO,PRI,,
dms_sd_rentalproduct,szCustomerId,varchar(50),NO,MUL,,
dms_sd_rentalproduct,szProductId,varchar(50),NO,,,
dms_sd_rentalproduct,szSerialNumber,varchar(50),NO,,,
dms_sd_rentalproduct,szOrderItemTypeId,varchar(50),NO,MUL,,
dms_sd_rentalproduct,szRentCalcId,varchar(50),NO,MUL,,
dms_sd_rentalproduct,szStatus,varchar(50),NO,,,
dms_sd_rentalproduct,decCharge,"decimal(18,4)",YES,,,
dms_sd_rentalproduct,dtmLastInvoiced,datetime,YES,,,
dms_sd_rentalproduct,dtmPrevLastInvoiced,datetime,YES,,,
dms_sd_rentalproduct,szUserCreatedId,varchar(20),NO,,,
dms_sd_rentalproduct,szUserUpdatedId,varchar(20),NO,,,
dms_sd_rentalproduct,dtmCreated,datetime,NO,,,
dms_sd_rentalproduct,dtmLastUpdated,datetime,NO,,,
dms_sd_rentchargeconfig,iInternalId,int(10) unsigned,NO,PRI,auto_increment,
dms_sd_rentchargeconfig,iId,char(50),NO,PRI,,
dms_sd_rentchargeconfig,szId,varchar(50),NO,UNI,,
dms_sd_rentchargeconfig,szName,varchar(50),NO,,,
dms_sd_rentchargeconfig,szDescription,varchar(200),NO,,,
dms_sd_rentchargeconfig,szUserCreatedId,varchar(20),NO,,,
dms_sd_rentchargeconfig,szUserUpdatedId,varchar(20),NO,,,
dms_sd_rentchargeconfig,dtmCreated,datetime,NO,,,
dms_sd_rentchargeconfig,dtmLastUpdated,datetime,NO,,,
dms_sd_route,iInternalId,int(10) unsigned,NO,PRI,auto_increment,
dms_sd_route,iId,char(50),NO,PRI,,
dms_sd_route,szId,varchar(50),NO,UNI,,
dms_sd_route,szName,varchar(50),NO,,,
dms_sd_route,szDescription,varchar(200),NO,,,
dms_sd_route,szRouteType,varchar(50),NO,MUL,,
dms_sd_route,szEmployeeId,varchar(50),NO,MUL,,
dms_sd_route,szUserCreatedId,varchar(20),NO,,,
dms_sd_route,szUserUpdatedId,varchar(20),NO,,,
dms_sd_route,dtmCreated,datetime,NO,,,
dms_sd_route,dtmLastUpdated,datetime,NO,,,
dms_sd_route,szRouteProductTypeId,varchar(50),NO,MUL,,
dms_sd_route,szRouteChannelId,varchar(50),NO,MUL,,
dms_sd_route,szRouteTerritoryId,varchar(50),NO,MUL,,
dms_sd_routechannel,iInternalId,int(10) unsigned,NO,PRI,auto_increment,
dms_sd_routechannel,iId,char(50),NO,PRI,,
dms_sd_routechannel,szId,varchar(50),NO,UNI,,
dms_sd_routechannel,szName,varchar(50),NO,,,
dms_sd_routechannel,szDescription,varchar(500),NO,,,
dms_sd_routechannel,szUserCreatedId,varchar(20),NO,,,
dms_sd_routechannel,szUserUpdatedId,varchar(20),NO,,,
dms_sd_routechannel,dtmCreated,datetime,NO,,,
dms_sd_routechannel,dtmLastUpdated,datetime,NO,,,
dms_sd_routeitem,iInternalId,int(10) unsigned,NO,PRI,auto_increment,
dms_sd_routeitem,iId,char(50),NO,PRI,,
dms_sd_routeitem,szId,varchar(50),NO,MUL,,
dms_sd_routeitem,intItemNumber,int(10),NO,,,
dms_sd_routeitem,szCustomerId,varchar(50),NO,MUL,,
dms_sd_routeitem,intDay1,int(10),NO,,,
dms_sd_routeitem,intDay2,int(10),NO,,,
dms_sd_routeitem,intDay3,int(10),NO,,,
dms_sd_routeitem,intDay4,int(10),NO,,,
dms_sd_routeitem,intDay5,int(10),NO,,,
dms_sd_routeitem,intDay6,int(10),NO,,,
dms_sd_routeitem,intDay7,int(10),NO,,,
dms_sd_routeitem,intWeek1,int(10),NO,,,
dms_sd_routeitem,intWeek2,int(10),NO,,,
dms_sd_routeitem,intWeek3,int(10),NO,,,
dms_sd_routeitem,intWeek4,int(10),NO,,,
dms_sd_routeproducttype,iInternalId,int(10) unsigned,NO,PRI,auto_increment,
dms_sd_routeproducttype,iId,char(50),NO,PRI,,
dms_sd_routeproducttype,szId,varchar(50),NO,UNI,,
dms_sd_routeproducttype,szName,varchar(50),NO,,,
dms_sd_routeproducttype,szDescription,varchar(500),NO,,,
dms_sd_routeproducttype,szUserCreatedId,varchar(20),NO,,,
dms_sd_routeproducttype,szUserUpdatedId,varchar(20),NO,,,
dms_sd_routeproducttype,dtmCreated,datetime,NO,,,
dms_sd_routeproducttype,dtmLastUpdated,datetime,NO,,,
dms_sd_routesequence,iInternalId,int(10) unsigned,NO,PRI,auto_increment,
dms_sd_routesequence,iId,char(50),NO,PRI,,
dms_sd_routesequence,szId,varchar(50),NO,MUL,,
dms_sd_routesequence,intWeek,int(11),NO,,,
dms_sd_routesequence,intDay,int(11),NO,,,
dms_sd_routesequence,szCustomerId,varchar(50),NO,,,
dms_sd_routesequence,intSequence,int(11),NO,,,
dms_sd_routesequence,szUserCreatedId,varchar(20),NO,,,
dms_sd_routesequence,szUserUpdatedId,varchar(20),NO,,,
dms_sd_routesequence,dtmCreated,datetime,NO,,,
dms_sd_routesequence,dtmLastUpdated,datetime,NO,,,
dms_sd_routeterritory,iInternalId,int(10) unsigned,NO,PRI,auto_increment,
dms_sd_routeterritory,iId,char(50),NO,PRI,,
dms_sd_routeterritory,szId,varchar(50),NO,UNI,,
dms_sd_routeterritory,szName,varchar(50),NO,,,
dms_sd_routeterritory,szDescription,varchar(500),NO,,,
dms_sd_routeterritory,szUserCreatedId,varchar(20),NO,,,
dms_sd_routeterritory,szUserUpdatedId,varchar(20),NO,,,
dms_sd_routeterritory,dtmCreated,datetime,NO,,,
dms_sd_routeterritory,dtmLastUpdated,datetime,NO,,,
dms_sd_salesorganization,iInternalId,int(10) unsigned,NO,PRI,auto_increment,
dms_sd_salesorganization,iId,char(50),NO,PRI,,
dms_sd_salesorganization,szId,varchar(50),NO,UNI,,
dms_sd_salesorganization,szName,varchar(50),NO,,,
dms_sd_salesorganization,szDescription,varchar(200),NO,,,
dms_sd_salesorganization,szParentId,varchar(50),NO,MUL,,
dms_sd_salesorganization,szUserCreatedId,varchar(20),NO,,,
dms_sd_salesorganization,szUserUpdatedId,varchar(20),NO,,,
dms_sd_salesorganization,dtmCreated,datetime,NO,,,
dms_sd_salesorganization,dtmLastUpdated,datetime,NO,,,
dms_sfa_aotarget,iInternalId,int(10) unsigned,NO,PRI,auto_increment,
dms_sfa_aotarget,iId,char(50),NO,PRI,,
dms_sfa_aotarget,szId,varchar(50),NO,UNI,,
dms_sfa_aotarget,szBranchId,varchar(50),NO,MUL,,
dms_sfa_aotarget,szUserCreatedId,varchar(20),NO,,,
dms_sfa_aotarget,szUserUpdatedId,varchar(20),NO,,,
dms_sfa_aotarget,dtmCreated,datetime,NO,,,
dms_sfa_aotarget,dtmLastUpdated,datetime,NO,,,
dms_sfa_aotargetitem,iInternalId,int(10) unsigned,NO,PRI,auto_increment,
dms_sfa_aotargetitem,iId,char(50),NO,PRI,,
dms_sfa_aotargetitem,szId,varchar(50),NO,MUL,,
dms_sfa_aotargetitem,intItemNumber,int(11),NO,,,
dms_sfa_aotargetitem,szEmployeeId,varchar(50),NO,MUL,,
dms_sfa_aotargetitem,szProductGroup,varchar(50),NO,MUL,,
dms_sfa_aotargetitem,decTarget,"decimal(18,4)",NO,,,
dms_sfa_aotargetproduct,iInternalId,int(10) unsigned,NO,PRI,auto_increment,
dms_sfa_aotargetproduct,iId,char(50),NO,PRI,,
dms_sfa_aotargetproduct,szId,varchar(50),NO,MUL,,
dms_sfa_aotargetproduct,intItemNumber,int(11),NO,,,
dms_sfa_aotargetproduct,szProductGroup,varchar(50),NO,MUL,,
dms_sfa_attendancetype,iInternalId,int(10) unsigned,NO,PRI,auto_increment,
dms_sfa_attendancetype,iId,char(50),NO,PRI,,
dms_sfa_attendancetype,szId,varchar(50),NO,UNI,,
dms_sfa_attendancetype,szName,varchar(50),NO,,,
dms_sfa_attendancetype,szDescription,varchar(500),NO,,,
dms_sfa_attendancetype,szUserCreatedId,varchar(20),NO,,,
dms_sfa_attendancetype,szUserUpdatedId,varchar(20),NO,,,
dms_sfa_attendancetype,dtmCreated,datetime,NO,,,
dms_sfa_attendancetype,dtmLastUpdated,datetime,NO,,,
dms_sfa_color,iInternalId,int(10) unsigned,NO,PRI,auto_increment,
dms_sfa_color,iId,char(50),NO,PRI,,
dms_sfa_color,szId,varchar(50),NO,UNI,,
dms_sfa_color,szName,varchar(50),NO,,,
dms_sfa_color,szDescription,varchar(200),NO,,,
dms_sfa_color,szBackColor,varchar(50),NO,,,
dms_sfa_color,szFontColor,varchar(50),NO,,,
dms_sfa_color,szUserCreatedId,varchar(20),NO,,,
dms_sfa_color,szUserUpdatedId,varchar(20),NO,,,
dms_sfa_color,dtmCreated,datetime,NO,,,
dms_sfa_color,dtmLastUpdated,datetime,NO,,,
dms_sfa_competitor,iInternalId,int(10) unsigned,NO,PRI,auto_increment,
dms_sfa_competitor,iId,char(50),NO,PRI,,
dms_sfa_competitor,szId,varchar(50),NO,UNI,,
dms_sfa_competitor,szName,varchar(50),NO,,,
dms_sfa_competitor,szDescription,varchar(200),NO,,,
dms_sfa_competitor,szUserCreatedId,varchar(20),NO,,,
dms_sfa_competitor,szUserUpdatedId,varchar(20),NO,,,
dms_sfa_competitor,dtmCreated,datetime,NO,,,
dms_sfa_competitor,dtmLastUpdated,datetime,NO,,,
dms_sfa_competitoractivitytype,iInternalId,int(10) unsigned,NO,PRI,auto_increment,
dms_sfa_competitoractivitytype,iId,char(50),NO,PRI,,
dms_sfa_competitoractivitytype,szId,varchar(50),NO,UNI,,
dms_sfa_competitoractivitytype,szName,varchar(50),NO,,,
dms_sfa_competitoractivitytype,szDescription,varchar(200),NO,,,
dms_sfa_competitoractivitytype,szUserCreatedId,varchar(20),NO,,,
dms_sfa_competitoractivitytype,szUserUpdatedId,varchar(20),NO,,,
dms_sfa_competitoractivitytype,dtmCreated,datetime,NO,,,
dms_sfa_competitoractivitytype,dtmLastUpdated,datetime,NO,,,
dms_sfa_customerfieldupdate,iInternalId,int(10) unsigned,NO,PRI,auto_increment,
dms_sfa_customerfieldupdate,iId,char(50),NO,PRI,,
dms_sfa_customerfieldupdate,szId,varchar(50),NO,UNI,,
dms_sfa_customerfieldupdate,szName,varchar(50),NO,,,
dms_sfa_customerfieldupdate,szDescription,varchar(500),NO,,,
dms_sfa_customerfieldupdate,szUserCreatedId,varchar(20),NO,,,
dms_sfa_customerfieldupdate,szUserUpdatedId,varchar(20),NO,,,
dms_sfa_customerfieldupdate,dtmCreated,datetime,NO,,,
dms_sfa_customerfieldupdate,dtmLastUpdated,datetime,NO,,,
dms_sfa_dailymessage,iInternalId,int(10) unsigned,NO,PRI,auto_increment,
dms_sfa_dailymessage,iId,char(50),NO,PRI,,
dms_sfa_dailymessage,szId,varchar(50),NO,UNI,,
dms_sfa_dailymessage,szName,varchar(50),NO,,,
dms_sfa_dailymessage,szDescription,varchar(1000),NO,,,
dms_sfa_dailymessage,dtmStart,timestamp,NO,,on update CURRENT_TIMESTAMP,
dms_sfa_dailymessage,dtmFinish,timestamp,NO,,,
dms_sfa_dailymessage,szEmployeeIdList,text,NO,,,
dms_sfa_dailymessage,szImage,text,NO,,,
dms_sfa_dailymessage,szUserCreatedId,varchar(20),NO,,,
dms_sfa_dailymessage,szUserUpdatedId,varchar(20),NO,,,
dms_sfa_dailymessage,dtmCreated,datetime,NO,,,
dms_sfa_dailymessage,dtmLastUpdated,datetime,NO,,,
dms_sfa_dailymessage,szFileName,varchar(100),NO,,,
dms_sfa_dailymessage,szFileBase64,mediumtext,YES,,,
dms_sfa_expense,iInternalId,int(10) unsigned,NO,PRI,auto_increment,
dms_sfa_expense,iId,char(50),NO,PRI,,
dms_sfa_expense,szId,varchar(50),NO,UNI,,
dms_sfa_expense,szName,varchar(50),NO,,,
dms_sfa_expense,szDescription,varchar(200),NO,,,
dms_sfa_expense,szUserCreatedId,varchar(20),NO,,,
dms_sfa_expense,szUserUpdatedId,varchar(20),NO,,,
dms_sfa_expense,dtmCreated,datetime,NO,,,
dms_sfa_expense,dtmLastUpdated,datetime,NO,,,
dms_sfa_feedbacktype,iInternalId,int(10) unsigned,NO,PRI,auto_increment,
dms_sfa_feedbacktype,iId,char(50),NO,PRI,,
dms_sfa_feedbacktype,szId,varchar(50),NO,UNI,,
dms_sfa_feedbacktype,szName,varchar(50),NO,,,
dms_sfa_feedbacktype,szDescription,varchar(200),NO,,,
dms_sfa_feedbacktype,szUserCreatedId,varchar(20),NO,,,
dms_sfa_feedbacktype,szUserUpdatedId,varchar(20),NO,,,
dms_sfa_feedbacktype,dtmCreated,datetime,NO,,,
dms_sfa_feedbacktype,dtmLastUpdated,datetime,NO,,,
dms_sfa_file,iInternalId,int(10) unsigned,NO,PRI,auto_increment,
dms_sfa_file,iId,char(50),NO,PRI,,
dms_sfa_file,szId,varchar(50),NO,UNI,,
dms_sfa_file,szName,varchar(50),NO,,,
dms_sfa_file,szDescription,varchar(500),NO,,,
dms_sfa_file,dtmValidStart,datetime,NO,MUL,,
dms_sfa_file,dtmValidEnd,datetime,NO,MUL,,
dms_sfa_file,szUserCreatedId,varchar(20),NO,,,
dms_sfa_file,szUserUpdatedId,varchar(20),NO,,,
dms_sfa_file,dtmCreated,datetime,NO,,,
dms_sfa_file,dtmLastUpdated,datetime,NO,,,
dms_sfa_file,szFileName,varchar(100),NO,,,
dms_sfa_license,iInternalId,int(10) unsigned,NO,PRI,auto_increment,
dms_sfa_license,iId,char(50),NO,PRI,,
dms_sfa_license,szId,varchar(50),NO,UNI,,
dms_sfa_license,btLicense,blob,NO,,,
dms_sfa_license,szUserCreatedId,varchar(20),NO,,,
dms_sfa_license,szUserUpdatedId,varchar(20),NO,,,
dms_sfa_license,dtmCreated,datetime,NO,,,
dms_sfa_license,dtmLastUpdated,datetime,NO,,,
dms_sfa_log,iInternalId,int(10) unsigned,NO,PRI,auto_increment,
dms_sfa_log,iId,char(50),NO,PRI,,
dms_sfa_log,szDeviceId,varchar(50),NO,MUL,,
dms_sfa_log,szEmployeeId,varchar(50),NO,MUL,,
dms_sfa_log,dtmDate,datetime,NO,MUL,,
dms_sfa_log,szLogType,varchar(50),NO,MUL,,
dms_sfa_log,szUserCreatedId,varchar(20),NO,,,
dms_sfa_log,szUserUpdatedId,varchar(20),NO,,,
dms_sfa_log,dtmCreated,datetime,NO,,,
dms_sfa_log,dtmLastUpdated,datetime,NO,,,
dms_sfa_mappingproduct,iInternalId,int(10) unsigned,NO,PRI,auto_increment,
dms_sfa_mappingproduct,iId,char(50),NO,PRI,,
dms_sfa_mappingproduct,szId,varchar(50),NO,MUL,,
dms_sfa_mappingproduct,szProductId,varchar(50),NO,MUL,,
dms_sfa_mappingproduct,szUserCreatedId,varchar(20),NO,,,
dms_sfa_mappingproduct,szUserUpdatedId,varchar(20),NO,,,
dms_sfa_mappingproduct,dtmCreated,datetime,NO,,,
dms_sfa_mappingproduct,dtmLastUpdated,datetime,NO,,,
dms_sfa_mappingproduct,szShortName,varchar(50),NO,,,
dms_sfa_mappingproduct,szProductGroup,varchar(50),NO,,,
dms_sfa_mappingproduct,szProductKPI,varchar(50),NO,,,
dms_sfa_mappingproduct,bProductFocus,tinyint(3),NO,MUL,,
dms_sfa_mappingproduct,decConverter,"decimal(18,4)",NO,,,
dms_sfa_mappingproduct,bSpitSo,tinyint(3),NO,MUL,,
dms_sfa_mappingproduct,szSoSuffix,varchar(5),NO,,,
dms_sfa_mappingproduct,szAdditionalProductId,varchar(50),NO,MUL,,
dms_sfa_mappingproduct,bProductCanvas,tinyint(3),NO,MUL,,
dms_sfa_mobileconfig,iInternalId,int(10) unsigned,NO,PRI,auto_increment,
dms_sfa_mobileconfig,iId,char(50),NO,PRI,,
dms_sfa_mobileconfig,szId,varchar(50),NO,MUL,,
dms_sfa_mobileconfig,szConfigId,varchar(50),NO,,,
dms_sfa_mobileconfig,szValue,varchar(50),NO,,,
dms_sfa_mobileconfig,szUserCreatedId,varchar(20),NO,,,
dms_sfa_mobileconfig,szUserUpdatedId,varchar(20),NO,,,
dms_sfa_mobileconfig,dtmCreated,datetime,NO,,,
dms_sfa_mobileconfig,dtmLastUpdated,datetime,NO,,,
dms_sfa_nootarget,iInternalId,int(10) unsigned,NO,PRI,auto_increment,
dms_sfa_nootarget,iId,char(50),NO,PRI,,
dms_sfa_nootarget,szId,varchar(50),NO,MUL,,
dms_sfa_nootarget,szBranchId,varchar(50),NO,MUL,,
dms_sfa_nootarget,dtmFrom,datetime,NO,MUL,,
dms_sfa_nootarget,dtmTo,datetime,NO,MUL,,
dms_sfa_nootarget,szEmployeeId,varchar(50),NO,MUL,,
dms_sfa_nootarget,decTarget,"decimal(18,4)",NO,,,
dms_sfa_nootarget,szUserCreatedId,varchar(20),NO,,,
dms_sfa_nootarget,szUserUpdatedId,varchar(20),NO,,,
dms_sfa_nootarget,dtmCreated,datetime,NO,,,
dms_sfa_nootarget,dtmLastUpdated,datetime,NO,,,
dms_sfa_question,iInternalId,int(10) unsigned,NO,PRI,auto_increment,
dms_sfa_question,iId,char(50),NO,PRI,,
dms_sfa_question,szId,varchar(50),NO,UNI,,
dms_sfa_question,szName,varchar(500),NO,,,
dms_sfa_question,szDescription,varchar(500),NO,,,
dms_sfa_question,szAnswerType,varchar(50),NO,,,
dms_sfa_question,szUserCreatedId,varchar(20),NO,,,
dms_sfa_question,szUserUpdatedId,varchar(20),NO,,,
dms_sfa_question,dtmCreated,datetime,NO,,,
dms_sfa_question,dtmLastUpdated,datetime,NO,,,
dms_sfa_questionitem,iInternalId,int(10) unsigned,NO,PRI,auto_increment,
dms_sfa_questionitem,iId,char(50),NO,PRI,,
dms_sfa_questionitem,szId,varchar(50),NO,MUL,,
dms_sfa_questionitem,intItemNumber,int(10),NO,,,
dms_sfa_questionitem,szAnswerText,varchar(50),NO,,,
dms_sfa_survey,iInternalId,int(10) unsigned,NO,PRI,auto_increment,
dms_sfa_survey,iId,char(50),NO,PRI,,
dms_sfa_survey,szId,varchar(50),NO,UNI,,
dms_sfa_survey,szName,varchar(50),NO,,,
dms_sfa_survey,szDescription,varchar(200),NO,,,
dms_sfa_survey,dtmStart,timestamp,NO,,on update CURRENT_TIMESTAMP,
dms_sfa_survey,dtmFinish,timestamp,NO,,,
dms_sfa_survey,szEmployeeIdList,varchar(5000),NO,,,
dms_sfa_survey,szUserCreatedId,varchar(20),NO,,,
dms_sfa_survey,szUserUpdatedId,varchar(20),NO,,,
dms_sfa_survey,dtmCreated,datetime,NO,,,
dms_sfa_survey,dtmLastUpdated,datetime,NO,,,
dms_sfa_survey,intTotalScore,"decimal(18,4)",NO,,,
dms_sfa_survey,intMinimumScore,"decimal(18,4)",NO,,,
dms_sfa_surveyitem,iInternalId,int(10) unsigned,NO,PRI,auto_increment,
dms_sfa_surveyitem,iId,char(50),NO,PRI,,
dms_sfa_surveyitem,szId,varchar(50),NO,MUL,,
dms_sfa_surveyitem,intItemNumber,int(10),NO,,,
dms_sfa_surveyitem,intPage,int(10),NO,,,
dms_sfa_surveyitem,intSequence,int(10),NO,,,
dms_sfa_surveyitem,szQuestionId,varchar(50),NO,MUL,,
dms_sfa_surveyitem,bMandatory,tinyint(3) unsigned,NO,,,
dms_sfa_surveyitem,bHasPrevCondition,tinyint(3) unsigned,NO,,,
dms_sfa_surveyitem,intPrevConditionSurveyItemNumber,int(10),NO,,,
dms_sfa_surveyitem,szPrevConditionSurveyItemAnswer,varchar(50),NO,,,
dms_sfa_surveyitem,szAnswerKey,varchar(50),NO,,,
dms_sfa_surveyitem,intScore,"decimal(18,4)",NO,,,
dms_sfa_surveyitem,szQuestionIdCreateListBasedOnAnswer,varchar(100),NO,,,
dms_sfa_surveyitem,szQuestionIdCreateListBasedOnAnswer_Parent,varchar(50),NO,,,
dms_sfa_surveyitemscore,iInternalId,int(10) unsigned,NO,PRI,auto_increment,
dms_sfa_surveyitemscore,iId,char(50),NO,PRI,,
dms_sfa_surveyitemscore,szId,varchar(50),NO,MUL,,
dms_sfa_surveyitemscore,intItemNumber,int(10),NO,,,
dms_sfa_surveyitemscore,intItemDetailNumber,int(10),NO,,,
dms_sfa_surveyitemscore,intQuestionItemNumber,int(10),NO,MUL,,
dms_sfa_surveyitemscore,szAnswerText,varchar(200),NO,MUL,,
dms_sfa_surveyitemscore,intScore,int(10),NO,,,
dms_sm_addressinfo,iInternalId,int(10) unsigned,NO,PRI,auto_increment,
dms_sm_addressinfo,iId,char(50),NO,PRI,,
dms_sm_addressinfo,szObjectId,varchar(50),NO,MUL,,
dms_sm_addressinfo,szId,varchar(50),NO,MUL,,
dms_sm_addressinfo,szAddress,varchar(1000),NO,,,
dms_sm_addressinfo,szProvince,varchar(50),NO,,,
dms_sm_addressinfo,szCity,varchar(50),NO,,,
dms_sm_addressinfo,szDistrict,varchar(50),NO,,,
dms_sm_addressinfo,szSubDistrict,varchar(50),NO,,,
dms_sm_addressinfo,szZipCode,varchar(50),NO,,,
dms_sm_addressinfo,szPhone1,varchar(50),NO,,,
dms_sm_addressinfo,szPhone2,varchar(50),NO,,,
dms_sm_addressinfo,szPhone3,varchar(50),NO,,,
dms_sm_addressinfo,szFaximile,varchar(50),NO,,,
dms_sm_addressinfo,szContactPerson1,varchar(50),NO,,,
dms_sm_addressinfo,szContactPerson2,varchar(50),NO,,,
dms_sm_addressinfo,szEmail,varchar(50),NO,,,
dms_sm_addressinfo,szLongitude,varchar(20),NO,,,
dms_sm_addressinfo,szLatitude,varchar(20),NO,,,
dms_sm_addressinfo,szAddress2,varchar(1000),NO,,,
dms_sm_addressinfo,szUserCreatedId,varchar(20),NO,,,
dms_sm_addressinfo,szUserUpdatedId,varchar(20),NO,,,
dms_sm_addressinfo,dtmCreated,datetime,NO,,,
dms_sm_addressinfo,dtmLastUpdated,datetime,NO,,,
dms_sm_approval,iInternalId,int(10) unsigned,NO,PRI,auto_increment,
dms_sm_approval,iId,char(50),NO,PRI,,
dms_sm_approval,szId,varchar(50),NO,UNI,,
dms_sm_approval,szName,varchar(50),NO,,,
dms_sm_approval,szDescription,varchar(200),NO,,,
dms_sm_approval,szUserCreatedId,varchar(20),NO,,,
dms_sm_approval,szUserUpdatedId,varchar(20),NO,,,
dms_sm_approval,dtmCreated,datetime,NO,,,
dms_sm_approval,dtmLastUpdated,datetime,NO,,,
dms_sm_approvalitem,iInternalId,int(10) unsigned,NO,PRI,auto_increment,
dms_sm_approvalitem,iId,char(50),NO,PRI,,
dms_sm_approvalitem,szId,varchar(50),NO,MUL,,
dms_sm_approvalitem,intItemNumber,int(10),NO,,,
dms_sm_approvalitem,szGroup1,varchar(50),NO,,,
dms_sm_approvalitem,szGroup2,varchar(50),NO,,,
dms_sm_approvalitem,szGroup3,varchar(50),NO,,,
dms_sm_approvalitem,szGroup4,varchar(50),NO,,,
dms_sm_approvalitem,bAllowSkip,bit(1),NO,,,
dms_sm_approved,iInternalId,int(10) unsigned,NO,PRI,auto_increment,
dms_sm_approved,iId,char(50),NO,PRI,,
dms_sm_approved,szDocId,varchar(50),NO,MUL,,
dms_sm_approved,szObjectId,varchar(50),NO,,,
dms_sm_approved,szApprovalId,varchar(50),NO,MUL,,
dms_sm_approved,bApproved,tinyint(3) unsigned,NO,,,
dms_sm_approved,bReject,tinyint(3) unsigned,NO,,,
dms_sm_approved,szBranchId,varchar(50),NO,MUL,,
dms_sm_approved,szNote,varchar(50),NO,,,
dms_sm_approved,szUserCreatedId,varchar(20),NO,,,
dms_sm_approved,szUserUpdatedId,varchar(20),NO,,,
dms_sm_approved,dtmCreated,datetime,NO,,,
dms_sm_approved,dtmLastUpdated,datetime,NO,,,
dms_sm_approveditem,iInternalId,int(10) unsigned,NO,PRI,auto_increment,
dms_sm_approveditem,iId,char(50),NO,PRI,,
dms_sm_approveditem,szDocId,varchar(50),NO,MUL,,
dms_sm_approveditem,szObjectId,varchar(50),NO,,,
dms_sm_approveditem,szApprovalId,varchar(50),NO,,,
dms_sm_approveditem,intLevel,int(10),NO,,,
dms_sm_approveditem,dtmApproved,timestamp,NO,,on update CURRENT_TIMESTAMP,
dms_sm_approveditem,bApproved,tinyint(3) unsigned,NO,,,
dms_sm_approveditem,bRejected,tinyint(3) unsigned,NO,,,
dms_sm_approveditem,szNote,varchar(1000),NO,,,
dms_sm_approveditem,szGroupId,varchar(200),NO,MUL,,
dms_sm_approveditem,bAllowSkip,bit(1),NO,,,
dms_sm_audittrail,iInternalId,int(10) unsigned,NO,PRI,auto_increment,
dms_sm_audittrail,iId,char(50),NO,PRI,,
dms_sm_audittrail,szId,varchar(100),NO,MUL,,
dms_sm_audittrail,szAuditType,varchar(50),NO,,,
dms_sm_audittrail,szXmlData,longtext,NO,,,
dms_sm_audittrail,szUserCreatedId,varchar(20),NO,,,
dms_sm_audittrail,szUserUpdatedId,varchar(20),NO,,,
dms_sm_audittrail,dtmCreated,timestamp,NO,,on update CURRENT_TIMESTAMP,
dms_sm_audittrail,dtmLastUpdated,timestamp,NO,,,
dms_sm_branch,iInternalId,int(10) unsigned,NO,PRI,auto_increment,
dms_sm_branch,iId,char(50),NO,PRI,,
dms_sm_branch,szId,varchar(50),NO,UNI,,
dms_sm_branch,szName,varchar(50),NO,,,
dms_sm_branch,szDescription,varchar(200),NO,,,
dms_sm_branch,szCompanyId,varchar(20),NO,MUL,,
dms_sm_branch,szLangitude,varchar(50),NO,,,
dms_sm_branch,szLongitude,varchar(50),NO,,,
dms_sm_branch,szTaxEntityId,varchar(50),NO,MUL,,
dms_sm_branch,szProvince,varchar(5000),NO,,,
dms_sm_branch,szCity,varchar(5000),NO,,,
dms_sm_branch,szDistrict,varchar(5000),NO,,,
dms_sm_branch,szSubDistrict,varchar(5000),NO,,,
dms_sm_branch,szUserCreatedId,varchar(20),NO,,,
dms_sm_branch,szUserUpdatedId,varchar(20),NO,,,
dms_sm_branch,dtmCreated,datetime,NO,,,
dms_sm_branch,dtmLastUpdated,datetime,NO,,,
dms_sm_branchaccount,iInternalId,int(10) unsigned,NO,PRI,auto_increment,
dms_sm_branchaccount,iId,char(50),NO,PRI,,
dms_sm_branchaccount,szId,varchar(50),NO,MUL,,
dms_sm_branchaccount,intItemNumber,int(11),YES,,,
dms_sm_branchaccount,szBankId,varchar(50),YES,MUL,,
dms_sm_branchaccount,szBankAddress,varchar(45),YES,,,
dms_sm_branchaccount,szAccountNo,varchar(45),YES,,,
dms_sm_branchaccount,bDefault,int(11),NO,,,
dms_sm_company,iInternalId,int(10) unsigned,NO,PRI,auto_increment,
dms_sm_company,iId,char(50),NO,PRI,,
dms_sm_company,szId,varchar(50),NO,UNI,,
dms_sm_company,szName,varchar(50),NO,,,
dms_sm_company,szDescription,varchar(200),NO,,,
dms_sm_company,szLedgerId,varchar(50),NO,MUL,,
dms_sm_company,szCurrencyRateId,varchar(50),NO,MUL,,
dms_sm_company,szTaxNo,varchar(50),NO,,,
dms_sm_company,szPKPNo,varchar(50),NO,,,
dms_sm_company,dtmNPWP,timestamp,NO,,,
dms_sm_company,szCurrencyId,varchar(50),NO,MUL,,
dms_sm_company,szUserCreatedId,varchar(20),NO,,,
dms_sm_company,szUserUpdatedId,varchar(20),NO,,,
dms_sm_company,dtmCreated,datetime,NO,,,
dms_sm_company,dtmLastUpdated,datetime,NO,,,
dms_sm_company,szTopHeaderHtml,longtext,NO,,,
dms_sm_config,iInternalId,int(10) unsigned,NO,PRI,auto_increment,
dms_sm_config,iId,char(50),NO,PRI,,
dms_sm_config,szId,varchar(50),NO,MUL,,
dms_sm_config,szConfigScope,varchar(50),NO,MUL,,
dms_sm_config,szConfigScopeValue,varchar(50),NO,MUL,,
dms_sm_config,szConfigId,varchar(50),NO,,,
dms_sm_config,szValue,varchar(1000),NO,,,
dms_sm_config,szConfigType,varchar(50),NO,,,
dms_sm_config,szUserCreatedId,varchar(20),NO,,,
dms_sm_config,szUserUpdatedId,varchar(20),NO,,,
dms_sm_config,dtmCreated,datetime,NO,,,
dms_sm_config,dtmLastUpdated,datetime,NO,,,
dms_sm_counter,iInternalId,int(10) unsigned,NO,PRI,auto_increment,
dms_sm_counter,iId,char(50),NO,PRI,,
dms_sm_counter,szId,varchar(50),NO,UNI,,
dms_sm_counter,szName,varchar(50),NO,,,
dms_sm_counter,szDescription,varchar(1000),NO,,,
dms_sm_counter,intLastCounter,int(10),NO,,,
dms_sm_counter,szUserCreatedId,varchar(20),NO,,,
dms_sm_counter,szUserUpdatedId,varchar(20),NO,,,
dms_sm_counter,dtmCreated,datetime,NO,,,
dms_sm_counter,dtmLastUpdated,datetime,NO,,,
dms_sm_keyformat,iInternalId,int(10) unsigned,NO,PRI,auto_increment,
dms_sm_keyformat,iId,char(50),NO,PRI,,
dms_sm_keyformat,szId,varchar(50),NO,UNI,,
dms_sm_keyformat,szName,varchar(50),NO,,,
dms_sm_keyformat,szDescription,varchar(50),NO,,,
dms_sm_keyformat,szUserCreatedId,varchar(20),NO,,,
dms_sm_keyformat,szUserUpdatedId,varchar(20),NO,,,
dms_sm_keyformat,dtmCreated,datetime,NO,,,
dms_sm_keyformat,dtmLastUpdated,datetime,NO,,,
dms_sm_keyformatitem,iInternalId,int(10) unsigned,NO,PRI,auto_increment,
dms_sm_keyformatitem,iId,char(50),NO,PRI,,
dms_sm_keyformatitem,szId,varchar(50),NO,MUL,,
dms_sm_keyformatitem,intItemNumber,int(10),NO,,,
dms_sm_keyformatitem,szEntity,varchar(50),NO,,,
dms_sm_keyformatitem,intLength,int(10),NO,,,
dms_sm_keyformatitem,szAlign,varchar(50),NO,,,
dms_sm_keyformatitem,szFillChar,varchar(5),NO,,,
dms_sm_keyformatitem,szContentId,varchar(50),NO,,,
dms_sm_keyformatitem,szSeparator,varchar(50),NO,,,
dms_sm_notification,iInternalId,int(10) unsigned,NO,PRI,auto_increment,
dms_sm_notification,iId,char(50),NO,PRI,,
dms_sm_notification,gdId,char(50),NO,MUL,,
dms_sm_notification,szDocId,varchar(50),NO,,,
dms_sm_notification,szScopeType,varchar(50),NO,,,
dms_sm_notification,szScopeValue,varchar(1000),NO,MUL,,
dms_sm_notification,szCaption,varchar(50),NO,,,
dms_sm_notification,szContentText,varchar(1000),NO,,,
dms_sm_notification,szSender,varchar(50),NO,MUL,,
dms_sm_notification,szObjectId,varchar(50),NO,MUL,,
dms_sm_notification,bExpired,tinyint(3) unsigned,NO,MUL,,
dms_sm_notification,szUserCreatedId,varchar(20),NO,,,
dms_sm_notification,szUserUpdatedId,varchar(20),NO,,,
dms_sm_notification,dtmCreated,datetime,NO,,,
dms_sm_notification,dtmLastUpdated,datetime,NO,,,
dms_sm_notificationitem,iInternalId,int(10) unsigned,NO,PRI,auto_increment,
dms_sm_notificationitem,iId,char(50),NO,PRI,,
dms_sm_notificationitem,gdId,char(50),NO,MUL,,
dms_sm_notificationitem,szUserId,varchar(50),NO,MUL,,
dms_sm_taxentity,iInternalId,int(10) unsigned,NO,PRI,auto_increment,
dms_sm_taxentity,iId,char(50),NO,PRI,,
dms_sm_taxentity,szId,varchar(50),NO,UNI,,
dms_sm_taxentity,szName,varchar(50),NO,,,
dms_sm_taxentity,szDescription,varchar(200),NO,,,
dms_sm_taxentity,szTaxNo,varchar(50),NO,,,
dms_sm_taxentity,szPKPNo,varchar(50),NO,,,
dms_sm_taxentity,dtmNPWP,varchar(50),NO,,,
dms_sm_taxentity,szUserCreatedId,varchar(20),NO,,,
dms_sm_taxentity,szUserUpdatedId,varchar(20),NO,,,
dms_sm_taxentity,dtmCreated,datetime,NO,,,
dms_sm_taxentity,dtmLastUpdated,datetime,NO,,,
dms_sm_user,iInternalId,int(10) unsigned,NO,PRI,auto_increment,
dms_sm_user,iId,char(50),NO,PRI,,
dms_sm_user,szId,varchar(50),NO,UNI,,
dms_sm_user,szName,varchar(50),NO,,,
dms_sm_user,szDescription,varchar(200),NO,,,
dms_sm_user,szPassword,varchar(50),NO,,,
dms_sm_user,szCompanyId,varchar(50),NO,MUL,,
dms_sm_user,szBranchId,varchar(20),NO,,,
dms_sm_user,szPrimaryLanguage,varchar(10),NO,,,
dms_sm_user,szSecondaryLanguage,varchar(10),NO,,,
dms_sm_user,szMenuId,varchar(20),NO,,,
dms_sm_user,szQueryTemplateId,varchar(20),NO,,,
dms_sm_user,szUserAccessBranchsId,varchar(1000),NO,,,
dms_sm_user,bUserMustChangePassword,tinyint(3) unsigned,NO,,,
dms_sm_user,szUserRoles,varchar(1000),NO,,,
dms_sm_user,szWelcomePage,varchar(50),NO,,,
dms_sm_user,szEmail,varchar(100),NO,,,
dms_sm_user,bSuperUser,tinyint(3) unsigned,NO,,,
dms_sm_user,szUserCreatedId,varchar(20),NO,,,
dms_sm_user,szUserUpdatedId,varchar(20),NO,,,
dms_sm_user,dtmCreated,datetime,NO,,,
dms_sm_user,dtmLastUpdated,datetime,NO,,,
dms_sm_userrole,iInternalId,int(10) unsigned,NO,PRI,auto_increment,
dms_sm_userrole,iId,char(50),NO,PRI,,
dms_sm_userrole,szId,varchar(50),NO,UNI,,
dms_sm_userrole,szName,varchar(50),NO,,,
dms_sm_userrole,szDescription,varchar(200),NO,,,
dms_sm_userrole,szCompaniesScope,varchar(1000),NO,,,
dms_sm_userrole,szUserCreatedId,varchar(20),NO,,,
dms_sm_userrole,szUserUpdatedId,varchar(20),NO,,,
dms_sm_userrole,dtmCreated,datetime,NO,,,
dms_sm_userrole,dtmLastUpdated,datetime,NO,,,
dms_sm_userroleitem,iInternalId,int(10) unsigned,NO,PRI,auto_increment,
dms_sm_userroleitem,iId,char(50),NO,PRI,,
dms_sm_userroleitem,szId,varchar(50),NO,MUL,,
dms_sm_userroleitem,intItemNumber,int(10),NO,,,
dms_sm_userroleitem,szObjectId,varchar(50),NO,MUL,,
dms_sm_userroleitem,szUserAccess,varchar(50),NO,MUL,,
dms_sm_userroleitem,szValue,varchar(50),NO,,,
dms_tin_custtaxconfig,iInternalId,int(10) unsigned,NO,PRI,auto_increment,
dms_tin_custtaxconfig,iId,char(50),NO,PRI,,
dms_tin_custtaxconfig,szId,varchar(50),NO,UNI,,
dms_tin_custtaxconfig,szName,varchar(50),NO,,,
dms_tin_custtaxconfig,szDescription,varchar(200),NO,,,
dms_tin_custtaxconfig,szTaxNo,varchar(50),NO,,,
dms_tin_custtaxconfig,szPKPNo,varchar(50),NO,,,
dms_tin_custtaxconfig,dtmNPWP,varchar(50),NO,,,
dms_tin_custtaxconfig,szTaxConfigId,varchar(50),NO,MUL,,
dms_tin_custtaxconfig,szUserCreatedId,varchar(20),NO,,,
dms_tin_custtaxconfig,szUserUpdatedId,varchar(20),NO,,,
dms_tin_custtaxconfig,dtmCreated,datetime,NO,,,
dms_tin_custtaxconfig,dtmLastUpdated,datetime,NO,,,
dms_tin_docfakturpajak,iInternalId,int(11),NO,PRI,auto_increment,
dms_tin_docfakturpajak,iId,varchar(50),NO,PRI,,
dms_tin_docfakturpajak,szDocId,varchar(50),YES,UNI,,
dms_tin_docfakturpajak,dtmDoc,datetime,YES,MUL,,
dms_tin_docfakturpajak,szDocInvoiceId,varchar(50),YES,MUL,,
dms_tin_docfakturpajak,intPrintedCount,int(11),YES,,,
dms_tin_docfakturpajak,szBranchId,varchar(50),YES,MUL,,
dms_tin_docfakturpajak,szCompanyId,varchar(50),YES,,,
dms_tin_docfakturpajak,szDocStatus,varchar(50),YES,MUL,,
dms_tin_docfakturpajak,szUserCreatedId,varchar(50),YES,,,
dms_tin_docfakturpajak,szUserUpdatedId,varchar(50),YES,,,
dms_tin_docfakturpajak,dtmCreated,datetime,YES,,,
dms_tin_docfakturpajak,dtmLastUpdated,datetime,YES,,,
dms_tin_docfakturpajakitem,iInternalId,int(10) unsigned,NO,PRI,auto_increment,
dms_tin_docfakturpajakitem,iId,char(50),NO,PRI,,
dms_tin_docfakturpajakitem,szDocId,varchar(50),NO,MUL,,
dms_tin_docfakturpajakitem,intItemNumber,int(10),NO,,,
dms_tin_docfakturpajakitem,szProductId,varchar(50),NO,MUL,,
dms_tin_docfakturpajakitem,szProductNm,varchar(50),NO,,,
dms_tin_docfakturpajakitem,decQty,"decimal(18,2)",NO,,,
dms_tin_docfakturpajakitem,szUomId,varchar(50),NO,MUL,,
dms_tin_docfakturpajakitem,decPrice,"decimal(18,4)",NO,,,
dms_tin_docfakturpajakitem,decAmount,"decimal(18,4)",NO,,,
dms_tin_docfakturpajakitem,decTax,"decimal(18,4)",NO,,,
dms_tin_docfakturpajakitem,decDpp,"decimal(18,4)",NO,,,
dms_tin_taxconfig,iInternalId,int(10) unsigned,NO,PRI,auto_increment,
dms_tin_taxconfig,iId,char(50),NO,PRI,,
dms_tin_taxconfig,szId,varchar(50),NO,UNI,,
dms_tin_taxconfig,szName,varchar(50),NO,,,
dms_tin_taxconfig,szDescription,varchar(200),NO,,,
dms_tin_taxconfig,bFakturPajakMundur,tinyint(3) unsigned,NO,,,
dms_tin_taxconfig,intDayMundur,int(10),NO,,,
dms_tin_taxconfig,bPriceWithTax,int(10),NO,,,
dms_tin_taxconfig,szUserCreatedId,varchar(20),NO,,,
dms_tin_taxconfig,szUserUpdatedId,varchar(20),NO,,,
dms_tin_taxconfig,dtmCreated,datetime,NO,,,
dms_tin_taxconfig,dtmLastUpdated,datetime,NO,,,
dms_training_training01,iInternalId,int(10) unsigned,NO,PRI,auto_increment,
dms_training_training01,iId,char(50),NO,PRI,,
dms_training_training01,szId,varchar(50),NO,UNI,,
dms_training_training01,szName,varchar(50),NO,,,
dms_training_training01,szDescription,varchar(200),NO,,,
dms_training_training01,szUserCreatedId,varchar(20),NO,,,
dms_training_training01,szUserUpdatedId,varchar(20),NO,,,
dms_training_training01,dtmCreated,timestamp,NO,,on update CURRENT_TIMESTAMP,
dms_training_training01,dtmLastUpdated,timestamp,NO,,,
dms_training_training02,iInternalId,int(10) unsigned,NO,PRI,auto_increment,
dms_training_training02,iId,char(50),NO,PRI,,
dms_training_training02,szId,varchar(50),NO,UNI,,
dms_training_training02,szName,varchar(50),NO,,,
dms_training_training02,szDescription,varchar(200),NO,,,
dms_training_training02,szUserCreatedId,varchar(20),NO,,,
dms_training_training02,szUserUpdatedId,varchar(20),NO,,,
dms_training_training02,dtmCreated,timestamp,NO,,on update CURRENT_TIMESTAMP,
dms_training_training02,dtmLastUpdated,timestamp,NO,,,
history_asset,id,int(11),NO,PRI,auto_increment,
history_asset,action,varchar(20),NO,MUL,,"ADD, EDIT"
history_asset,branchid,varchar(50),YES,MUL,,
history_asset,employeeid,varchar(50),YES,MUL,,
history_asset,device_hh,varchar(100),YES,MUL,,
history_asset,old_data,text,YES,,,
history_asset,new_data,text,YES,,,
history_asset,changed_fields,text,YES,,,
history_asset,user_name,varchar(100),YES,MUL,,
history_asset,created_at,datetime,YES,,,
rekening,branchid,varchar(5),YES,,,
rekening,bank,varchar(10),YES,,,
rekening,norek,varchar(30),YES,,,
rekening,nickname,varchar(50),YES,,,
rekening,tipe,varchar(20),YES,,,
rekening,description,varchar(20),YES,,,
sfa_attendance,iInternalId,int(10) unsigned,NO,PRI,auto_increment,
sfa_attendance,iId,char(50),NO,PRI,,
sfa_attendance,szDocId,varchar(50),NO,UNI,,
sfa_attendance,szDocCallId,varchar(50),NO,MUL,,
sfa_attendance,dtmStarted,datetime,NO,MUL,,
sfa_attendance,dtmFinished,datetime,NO,MUL,,
sfa_attendance,bStarted,tinyint(4),NO,MUL,,
sfa_attendance,bFinished,tinyint(4),NO,MUL,,
sfa_attendance,szAttendanceTypeId,varchar(50),NO,MUL,,
sfa_attendance,szLongitude,varchar(50),NO,,,
sfa_attendance,szLangitude,varchar(50),NO,,,
sfa_attendance,szUserCreatedId,varchar(20),NO,,,
sfa_attendance,szUserUpdatedId,varchar(20),NO,,,
sfa_attendance,dtmCreated,datetime,NO,,,
sfa_attendance,dtmLastUpdated,datetime,NO,,,
sfa_custommessage,szId,varchar(50),NO,PRI,,
sfa_custommessage,szActivityType,varchar(50),YES,,,
sfa_custommessage,szActivityName,varchar(50),YES,,,
sfa_custommessageitem,szId,varchar(50),NO,PRI,,
sfa_custommessageitem,intItemNumber,int(11),NO,PRI,,
sfa_custommessageitem,szContentType,varchar(50),YES,,,
sfa_custommessageitem,szContentCondition,varchar(50),YES,,,
sfa_custommessageitem,szMessage,varchar(500),YES,,,
sfa_custommessageitemdetail,szId,varchar(50),NO,PRI,,
sfa_custommessageitemdetail,intItemNumber,int(11),NO,PRI,,
sfa_custommessageitemdetail,intItemDetailNumber,int(11),NO,PRI,,
sfa_custommessageitemdetail,szContentValue,varchar(45),YES,,,
sfa_custommessageitemdetail,intCondition,int(11),YES,,,
sfa_custommessageitemdetail,szOperator,varchar(50),YES,,,
sfa_doccall,iId,char(50),NO,PRI,,
sfa_doccall,szDocId,varchar(50),NO,UNI,,
sfa_doccall,dtmDoc,timestamp,NO,MUL,on update CURRENT_TIMESTAMP,
sfa_doccall,dtmStart,timestamp,NO,,,
sfa_doccall,dtmFinish,timestamp,NO,,,
sfa_doccall,bStarted,tinyint(3) unsigned,NO,,,
sfa_doccall,bFinished,tinyint(3) unsigned,NO,,,
sfa_doccall,decKMStart,"decimal(18,0)",NO,,,
sfa_doccall,decKMFinish,"decimal(18,0)",NO,,,
sfa_doccall,szEmployeeId,varchar(50),NO,MUL,,
sfa_doccall,intPrintedCount,int(10),NO,,,
sfa_doccall,szBranchId,varchar(50),NO,MUL,,
sfa_doccall,szCompanyId,varchar(50),NO,,,
sfa_doccall,szDocStatus,varchar(50),NO,,,
sfa_doccall,szUserCreatedId,varchar(20),NO,,,
sfa_doccall,szUserUpdatedId,varchar(20),NO,,,
sfa_doccall,dtmCreated,timestamp,NO,,,
sfa_doccall,dtmLastUpdated,timestamp,NO,,,
sfa_doccall,bUpload,tinyint(4),NO,MUL,,
sfa_doccallitem,iId,char(50),NO,PRI,,
sfa_doccallitem,szDocId,varchar(50),NO,MUL,,
sfa_doccallitem,intItemNumber,int(10),NO,,,
sfa_doccallitem,szCustomerId,varchar(50),NO,MUL,,
sfa_doccallitem,dtmStart,timestamp,NO,,on update CURRENT_TIMESTAMP,
sfa_doccallitem,dtmFinish,timestamp,NO,,,
sfa_doccallitem,bVisited,tinyint(3) unsigned,NO,,,
sfa_doccallitem,bSuccess,tinyint(3) unsigned,NO,,,
sfa_doccallitem,szFailReason,varchar(50),NO,MUL,,
sfa_doccallitem,bPostPone,tinyint(3) unsigned,NO,,,
sfa_doccallitem,szLangitude,varchar(50),NO,,,
sfa_doccallitem,szLongitude,varchar(50),NO,,,
sfa_doccallitem,bOutOfRoute,tinyint(3) unsigned,NO,,,
sfa_doccallitem,szRefDocId,varchar(50),NO,MUL,,
sfa_doccallitem,bNewCustomer,tinyint(3) unsigned,NO,,,
sfa_doccallitem,szCallType,varchar(50),NO,MUL,,
sfa_doccallitem,bScanBarcode,tinyint(3) unsigned,NO,,,
sfa_doccallitem,dtmLastCheckin,timestamp,NO,,,
sfa_doccallitem,decDuration,"decimal(18,0)",NO,,,
sfa_doccallitem,szReasonIdCheckin,varchar(50),NO,MUL,,
sfa_doccallitem,bUpload,tinyint(4),NO,MUL,,
sfa_doccallitem,szReasonFailedScan,varchar(50),NO,MUL,,
sfa_doccallitem,decRadiusDiff,"decimal(18,4)",NO,,,
sfa_doccompetitoractivity,iInternalId,int(10) unsigned,NO,PRI,auto_increment,
sfa_doccompetitoractivity,iId,char(50),NO,PRI,,
sfa_doccompetitoractivity,szDocId,varchar(50),NO,MUL,,
sfa_doccompetitoractivity,dtmDoc,datetime,NO,MUL,,
sfa_doccompetitoractivity,szCustomerId,varchar(50),NO,MUL,,
sfa_doccompetitoractivity,szEmployeeId,varchar(50),NO,MUL,,
sfa_doccompetitoractivity,szCompetitorId,varchar(50),NO,MUL,,
sfa_doccompetitoractivity,szType,varchar(50),NO,,,
sfa_doccompetitoractivity,szValue,varchar(200),NO,,,
sfa_doccompetitoractivity,szDocCallId,varchar(50),NO,MUL,,
sfa_doccompetitoractivity,intPrintedCount,int(11),NO,,,
sfa_doccompetitoractivity,szBranchId,varchar(50),NO,MUL,,
sfa_doccompetitoractivity,szCompanyId,varchar(50),NO,MUL,,
sfa_doccompetitoractivity,szDocStatus,varchar(50),NO,,,
sfa_doccompetitoractivity,szUserCreatedId,varchar(20),NO,,,
sfa_doccompetitoractivity,szUserUpdatedId,varchar(20),NO,,,
sfa_doccompetitoractivity,dtmCreated,datetime,NO,,,
sfa_doccompetitoractivity,dtmLastUpdated,datetime,NO,,,
sfa_doccustomerfeedback,iInternalId,int(10) unsigned,NO,PRI,auto_increment,
sfa_doccustomerfeedback,iId,char(50),NO,PRI,,
sfa_doccustomerfeedback,szDocId,varchar(50),NO,MUL,,
sfa_doccustomerfeedback,dtmDoc,datetime,NO,MUL,,
sfa_doccustomerfeedback,szCustomerId,varchar(50),NO,MUL,,
sfa_doccustomerfeedback,szEmployeeId,varchar(50),NO,MUL,,
sfa_doccustomerfeedback,szFeedbackType,varchar(50),NO,MUL,,
sfa_doccustomerfeedback,szFeedback,varchar(200),NO,,,
sfa_doccustomerfeedback,szDocCallId,varchar(50),NO,MUL,,
sfa_doccustomerfeedback,intPrintedCount,int(11),NO,,,
sfa_doccustomerfeedback,szBranchId,varchar(50),NO,MUL,,
sfa_doccustomerfeedback,szCompanyId,varchar(50),NO,MUL,,
sfa_doccustomerfeedback,szDocStatus,varchar(50),NO,,,
sfa_doccustomerfeedback,szUserCreatedId,varchar(20),NO,,,
sfa_doccustomerfeedback,szUserUpdatedId,varchar(20),NO,,,
sfa_doccustomerfeedback,dtmCreated,datetime,NO,,,
sfa_doccustomerfeedback,dtmLastUpdated,datetime,NO,,,
sfa_doccustomerfieldupdate,iInternalId,int(10) unsigned,NO,PRI,auto_increment,
sfa_doccustomerfieldupdate,iId,char(50),NO,PRI,,
sfa_doccustomerfieldupdate,szDocId,varchar(50),NO,UNI,,
sfa_doccustomerfieldupdate,dtmDoc,datetime,NO,MUL,,
sfa_doccustomerfieldupdate,szEmployeeId,varchar(50),NO,MUL,,
sfa_doccustomerfieldupdate,szCustomerId,varchar(50),NO,MUL,,
sfa_doccustomerfieldupdate,CustomerFieldUpdate,varchar(50),NO,MUL,,
sfa_doccustomerfieldupdate,szValue,varchar(500),NO,,,
sfa_doccustomerfieldupdate,szDocCallId,varchar(50),NO,MUL,,
sfa_doccustomerfieldupdate,szUserCreatedId,varchar(20),NO,,,
sfa_doccustomerfieldupdate,szUserUpdatedId,varchar(20),NO,,,
sfa_doccustomerfieldupdate,dtmCreated,datetime,NO,,,
sfa_doccustomerfieldupdate,dtmLastUpdated,datetime,NO,,,
sfa_docdelivery,iInternalId,int(10) unsigned,NO,PRI,auto_increment,
sfa_docdelivery,iId,char(50),NO,PRI,,
sfa_docdelivery,szDocId,varchar(50),NO,MUL,,
sfa_docdelivery,dtmDoc,datetime,NO,MUL,,
sfa_docdelivery,szCustomerId,varchar(50),NO,MUL,,
sfa_docdelivery,szEmployeeId,varchar(50),NO,MUL,,
sfa_docdelivery,decAmount,"decimal(18,4)",NO,,,
sfa_docdelivery,bUploaded,int(10),NO,,,
sfa_docdelivery,szDocCallId,varchar(50),NO,MUL,,
sfa_docdelivery,bCash,tinyint(4),NO,,,
sfa_docdeliveryitem,iInternalId,int(10) unsigned,NO,PRI,auto_increment,
sfa_docdeliveryitem,iId,char(50),NO,PRI,,
sfa_docdeliveryitem,szDocId,varchar(50),NO,MUL,,
sfa_docdeliveryitem,intItemNumber,int(10),NO,,,
sfa_docdeliveryitem,szProductId,varchar(50),NO,MUL,,
sfa_docdeliveryitem,decQty,"decimal(18,4)",NO,,,
sfa_docdeliveryitem,decPrice,"decimal(18,4)",NO,,,
sfa_docdeliveryitem,decAmount,"decimal(18,4)",NO,,,
sfa_docdeliveryitem,decDiscount,"decimal(18,4)",NO,,,
sfa_docdeliveryitem,szUomId,varchar(50),NO,,,
sfa_docdeliveryitem,decQtyDelivered,"decimal(18,4)",NO,,,
sfa_docdeliveryitem,szFailReason,varchar(50),NO,,,
sfa_docdeliveryitem,decFOCQty,"decimal(18,4)",NO,,,
sfa_docdeliveryitem,szDocCallId,varchar(50),NO,MUL,,
sfa_docdeliveryitem,decDiscPrinciple,"decimal(18,4)",NO,,,
sfa_docdeliveryitem,decDiscountDistributor,"decimal(18,4)",NO,,,
sfa_docdeliveryitem,decDiscountInternal,"decimal(18,4)",NO,,,
sfa_docdeliveryitemreason,iInternalId,int(10) unsigned,NO,PRI,auto_increment,
sfa_docdeliveryitemreason,iId,char(50),NO,PRI,,
sfa_docdeliveryitemreason,szDocId,varchar(50),NO,MUL,,
sfa_docdeliveryitemreason,intItemNumber,int(10),NO,,,
sfa_docdeliveryitemreason,intItemDetailNumber,int(10),NO,,,
sfa_docdeliveryitemreason,decQty,"decimal(18,4)",NO,,,
sfa_docdeliveryitemreason,szReasonId,varchar(50),NO,MUL,,
sfa_docdeliveryitemreason,szDocCallId,varchar(50),NO,MUL,,
sfa_doclimitrequest,iInternalId,int(10) unsigned,NO,PRI,auto_increment,
sfa_doclimitrequest,iId,char(50),NO,PRI,,
sfa_doclimitrequest,szDocId,varchar(50),NO,UNI,,
sfa_doclimitrequest,dtmDoc,datetime,NO,MUL,,
sfa_doclimitrequest,szEmployeeId,varchar(50),NO,MUL,,
sfa_doclimitrequest,szCustomerId,varchar(50),NO,MUL,,
sfa_doclimitrequest,decCurrentLimit,"decimal(18,4)",NO,,,
sfa_doclimitrequest,decLimitRequest,"decimal(18,4)",NO,,,
sfa_doclimitrequest,szUserCreatedId,varchar(20),NO,,,
sfa_doclimitrequest,szUserUpdatedId,varchar(20),NO,,,
sfa_doclimitrequest,dtmCreated,datetime,NO,,,
sfa_doclimitrequest,dtmLastUpdated,datetime,NO,,,
sfa_doclimitrequest,bApproved,tinyint(4),NO,MUL,,
sfa_doclimitrequest,bReject,tinyint(4),NO,MUL,,
sfa_doclimitrequest,szNote,varchar(500),NO,,,
sfa_docremainstock,iId,varchar(50),NO,PRI,,
sfa_docremainstock,szDocId,varchar(50),YES,UNI,,
sfa_docremainstock,dtmDoc,datetime,YES,,,
sfa_docremainstock,szCustomerId,varchar(50),YES,,,
sfa_docremainstock,szEmployeeId,varchar(50),YES,,,
sfa_docremainstock,intPrintedCount,int(10),NO,,,
sfa_docremainstock,szBranchId,varchar(50),NO,,,
sfa_docremainstock,szCompanyId,varchar(50),NO,,,
sfa_docremainstock,szDocStatus,varchar(50),NO,,,
sfa_docremainstock,szUserCreatedId,varchar(50),NO,,,
sfa_docremainstock,szUserUpdatedId,varchar(50),NO,,,
sfa_docremainstock,dtmCreated,datetime,NO,,,
sfa_docremainstock,dtmLastUpdated,datetime,NO,,,
sfa_docremainstock,szDocCallId,varchar(50),NO,MUL,,
sfa_docremainstockitem,iId,varchar(50),NO,PRI,,
sfa_docremainstockitem,szDocId,varchar(50),YES,MUL,,
sfa_docremainstockitem,intItemNumber,int(11),YES,,,
sfa_docremainstockitem,szProductId,varchar(50),YES,,,
sfa_docremainstockitem,decQtyStock,"decimal(18,4)",YES,,,
sfa_docremainstockitem,decQtyDisplay,"decimal(18,4)",YES,,,
sfa_docremainstockitem,decQtyExpired,"decimal(18,4)",YES,,,
sfa_docremainstockitem,dtmExpired,datetime,YES,,,
sfa_docsales,iId,char(50),NO,PRI,,
sfa_docsales,szDocId,varchar(50),NO,UNI,,
sfa_docsales,dtmDoc,timestamp,NO,MUL,on update CURRENT_TIMESTAMP,
sfa_docsales,szCustomerId,varchar(50),NO,MUL,,
sfa_docsales,szEmployeeId,varchar(50),NO,MUL,,
sfa_docsales,decAmount,"decimal(18,0)",NO,,,
sfa_docsales,decDiscount,"decimal(18,0)",NO,,,
sfa_docsales,intPrintedCount,int(10),NO,,,
sfa_docsales,szBranchId,varchar(50),NO,,,
sfa_docsales,szCompanyId,varchar(50),NO,,,
sfa_docsales,szDocStatus,varchar(50),NO,,,
sfa_docsales,szUserCreatedId,varchar(20),NO,,,
sfa_docsales,szUserUpdatedId,varchar(20),NO,,,
sfa_docsales,dtmCreated,timestamp,NO,,,
sfa_docsales,dtmLastUpdated,timestamp,NO,,,
sfa_docsales,szDocCallId,varchar(50),NO,MUL,,
sfa_docsales,szDmsDocId,varchar(50),NO,MUL,,
sfa_docsales,bCash,tinyint(4),NO,MUL,,
sfa_docsalesitem,iId,char(50),NO,PRI,,
sfa_docsalesitem,szDocId,varchar(50),NO,MUL,,
sfa_docsalesitem,intItemNumber,int(10),NO,,,
sfa_docsalesitem,szProductId,varchar(50),NO,,,
sfa_docsalesitem,decQty,"decimal(18,0)",NO,,,
sfa_docsalesitem,decPrice,"decimal(18,4)",NO,,,
sfa_docsalesitem,decAmount,"decimal(18,4)",NO,,,
sfa_docsalesitem,decDiscount,"decimal(18,4)",NO,,,
sfa_docsalesitem,szUomId,varchar(50),NO,,,
sfa_docsalesitem,szNplFocus,varchar(50),NO,,,
sfa_docsalesitem,szReasonId,varchar(50),NO,,,
sfa_docsalesitem,szItemType,varchar(50),NO,,,
sfa_docsalesitem,decDiscPrinciple,"decimal(18,4)",NO,,,
sfa_docsalesitem,decDiscountDistributor,"decimal(18,4)",NO,,,
sfa_docsalesitem,decDiscountInternal,"decimal(18,4)",NO,,,
sfa_docsalesitembonus,iId,char(50),NO,PRI,,
sfa_docsalesitembonus,szDocId,varchar(50),NO,MUL,,
sfa_docsalesitembonus,intItemNumber,int(10),NO,,,
sfa_docsalesitembonus,intItemDetailNumber,int(10),NO,,,
sfa_docsalesitembonus,szProductBonusId,varchar(20),NO,,,
sfa_docsalesitembonus,decQty,"decimal(18,0)",NO,,,
sfa_docsalesitembonus,szBonusTransType,varchar(50),NO,,,
sfa_docsalesitemdiscount,iId,char(50),NO,PRI,,
sfa_docsalesitemdiscount,szDocId,varchar(50),NO,MUL,,
sfa_docsalesitemdiscount,intItemNumber,int(10),NO,,,
sfa_docsalesitemdiscount,intItemDetailNumber,int(10),NO,,,
sfa_docsalesitemdiscount,decPercent,"decimal(18,0)",NO,,,
sfa_docsalesitemdiscount,decDiscount,"decimal(18,4)",NO,,,
sfa_docsalesitemdiscount,bDiscPercent,tinyint(3) unsigned,NO,,,
sfa_docsalesitemdiscount,szLabel,varchar(50),NO,,,
sfa_docso,iId,char(50),NO,PRI,,
sfa_docso,szDocId,varchar(50),NO,UNI,,
sfa_docso,dtmDoc,timestamp,NO,MUL,on update CURRENT_TIMESTAMP,
sfa_docso,szCustomerId,varchar(50),NO,MUL,,
sfa_docso,szEmployeeId,varchar(50),NO,MUL,,
sfa_docso,decAmount,"decimal(18,0)",NO,,,
sfa_docso,bUploaded,tinyint(3) unsigned,NO,MUL,,
sfa_docso,decDiscount,"decimal(18,0)",NO,,,
sfa_docso,decAmountEstimasi,"decimal(18,4)",NO,,,
sfa_docso,decDiscountEstimasi,"decimal(18,4)",NO,,,
sfa_docso,szDocCallId,varchar(50),NO,MUL,,
sfa_docso,intPrintedCount,int(10),NO,,,
sfa_docso,szBranchId,varchar(50),NO,MUL,,
sfa_docso,szCompanyId,varchar(50),NO,,,
sfa_docso,szDocStatus,varchar(50),NO,,,
sfa_docso,szUserCreatedId,varchar(20),NO,,,
sfa_docso,szUserUpdatedId,varchar(20),NO,,,
sfa_docso,dtmCreated,timestamp,NO,,,
sfa_docso,dtmLastUpdated,timestamp,NO,,,
sfa_docso,dtmDelivery,varchar(50),NO,,,
sfa_docso,szNote,varchar(250),NO,,,
sfa_docso,bCash,tinyint(4),NO,MUL,,
sfa_docso,szDmsDocId,varchar(50),NO,MUL,,
sfa_docsoitem,iId,char(50),NO,PRI,,
sfa_docsoitem,szDocId,varchar(50),NO,MUL,,
sfa_docsoitem,intItemNumber,int(10),NO,,,
sfa_docsoitem,szProductId,varchar(50),NO,MUL,,
sfa_docsoitem,decQty,"decimal(18,0)",NO,,,
sfa_docsoitem,decPrice,"decimal(18,4)",NO,,,
sfa_docsoitem,decAmount,"decimal(18,4)",NO,,,
sfa_docsoitem,decDiscount,"decimal(18,4)",NO,,,
sfa_docsoitem,szUomId,varchar(50),NO,,,
sfa_docsoitem,szWarehouseId,varchar(50),NO,,,
sfa_docsoitem,szReasonId,varchar(50),NO,,,
sfa_docsoitem,szItemType,varchar(50),NO,,,
sfa_docsoitem,decAmountEstimasi,"decimal(18,4)",NO,,,
sfa_docsoitem,decQtyEstimasi,"decimal(18,4)",NO,,,
sfa_docsoitem,decDiscountEstimasi,"decimal(18,4)",NO,,,
sfa_docsoitem,szNplFocus,varchar(50),NO,,,
sfa_docsoitem,decDiscPrinciple,"decimal(18,4)",NO,,,
sfa_docsoitem,decDiscountDistributor,"decimal(18,3)",NO,,,
sfa_docsoitem,decDiscountInternal,"decimal(18,4)",NO,,,
sfa_docsoitembonus,iId,char(50),NO,PRI,,
sfa_docsoitembonus,szDocId,varchar(50),NO,MUL,,
sfa_docsoitembonus,intItemNumber,int(10),NO,,,
sfa_docsoitembonus,intItemDetailNumber,int(10),NO,,,
sfa_docsoitembonus,szProductBonusId,varchar(20),NO,,,
sfa_docsoitembonus,decQty,"decimal(18,0)",NO,,,
sfa_docsoitembonus,szBonusTransType,varchar(50),NO,,,
sfa_docsoitemdiscount,iId,char(50),NO,PRI,,
sfa_docsoitemdiscount,szDocId,varchar(50),NO,MUL,,
sfa_docsoitemdiscount,intItemNumber,int(10),NO,,,
sfa_docsoitemdiscount,intItemDetailNumber,int(10),NO,,,
sfa_docsoitemdiscount,decPercent,"decimal(18,0)",NO,,,
sfa_docsoitemdiscount,decDiscount,"decimal(18,4)",NO,,,
sfa_docsoitemdiscount,bDiscPercent,tinyint(3) unsigned,NO,,,
sfa_docsoitemdiscount,szLabel,varchar(50),NO,,,
sfa_docspvassesment,iInternalId,int(10) unsigned,NO,PRI,auto_increment,
sfa_docspvassesment,iId,char(50),NO,PRI,,
sfa_docspvassesment,szDocId,varchar(50),NO,UNI,,
sfa_docspvassesment,dtmDoc,datetime,NO,MUL,,
sfa_docspvassesment,szSupervisorId,varchar(50),NO,MUL,,
sfa_docspvassesment,bStarted,tinyint(4),NO,MUL,,
sfa_docspvassesment,bFinished,tinyint(4),NO,MUL,,
sfa_docspvassesment,dtmStart,datetime,NO,MUL,,
sfa_docspvassesment,dtmFinish,datetime,NO,MUL,,
sfa_docspvassesment,intPrintedCount,int(11),NO,,,
sfa_docspvassesment,szBranchId,varchar(50),NO,MUL,,
sfa_docspvassesment,szCompanyId,varchar(50),NO,MUL,,
sfa_docspvassesment,szDocStatus,varchar(50),NO,,,
sfa_docspvassesment,szUserCreatedId,varchar(20),NO,,,
sfa_docspvassesment,szUserUpdatedId,varchar(20),NO,,,
sfa_docspvassesment,dtmCreated,datetime,NO,,,
sfa_docspvassesment,dtmLastUpdated,datetime,NO,,,
sfa_docspvassesmentitem,iInternalId,int(10) unsigned,NO,PRI,auto_increment,
sfa_docspvassesmentitem,iId,char(50),NO,PRI,,
sfa_docspvassesmentitem,szDocId,varchar(50),NO,MUL,,
sfa_docspvassesmentitem,intItemNumber,int(10),NO,,,
sfa_docspvassesmentitem,szEmployeeId,varchar(50),NO,MUL,,
sfa_docspvassesmentitem,bPreRoute,tinyint(4),NO,MUL,,
sfa_docspvassesmentitem,intOnRoute,int(10),NO,,,
sfa_docspvassesmentitem,bPostRoute,tinyint(4),NO,MUL,,
sfa_docspvassesmentitem,intMarketVisit,int(10),NO,,,
sfa_docspvassesmentitem,bCoaching,tinyint(4),NO,MUL,,
sfa_docspvassesmentitem,intOnRouteTarget,int(10),NO,,,
sfa_docspvassesmentitem,intMarketVisitTarget,int(10),NO,,,
sfa_docspvassesmentitem,szDocSurveId_PreRoute,varchar(50),NO,MUL,,
sfa_docspvassesmentitem,szDocSurveId_PostRoute,varchar(50),NO,MUL,,
sfa_docspvassesmentitem,szDocSurveId_Coaching,varchar(50),NO,MUL,,
sfa_docspvassesmentitem,bKnowledge,tinyint(4),NO,MUL,,
sfa_docspvassesmentitem,szDocSurveId_Knowledge,varchar(50),NO,MUL,,
sfa_docspvassesmentitem,dtmStartMarketVisit,datetime,NO,MUL,,
sfa_docspvassesmentitem,dtmFinishtMarketVisit,datetime,NO,MUL,,
sfa_docspvassesmentitem,bStartMarketVisit,tinyint(4),NO,MUL,,
sfa_docspvassesmentitem,bFinishtMarketVisit,tinyint(4),NO,MUL,,
sfa_docspvassesmentitem,bStartPreRoute,tinyint(4),NO,MUL,,
sfa_docspvassesmentitem,bFinishPreRoute,tinyint(4),NO,MUL,,
sfa_docspvassesmentitem,dtmStartPreRoute,datetime,NO,MUL,,
sfa_docspvassesmentitem,dtmFinishPreRoute,datetime,NO,MUL,,
sfa_docspvassesmentitem,szLongitudePreRoute,varchar(50),NO,,,
sfa_docspvassesmentitem,szLatitudePreRoute,varchar(50),NO,,,
sfa_docspvassesmentitem,bStartPostRoute,tinyint(4),NO,MUL,,
sfa_docspvassesmentitem,bFinishPostRoute,tinyint(4),NO,MUL,,
sfa_docspvassesmentitem,dtmStartPostRoute,datetime,NO,MUL,,
sfa_docspvassesmentitem,dtmFinishPostRoute,datetime,NO,MUL,,
sfa_docspvassesmentitem,szLongitudePostRoute,varchar(50),NO,,,
sfa_docspvassesmentitem,szLatitudePostRoute,varchar(50),NO,,,
sfa_docspvassesmentitem,bStartCoaching,tinyint(4),NO,MUL,,
sfa_docspvassesmentitem,bFinishCoaching,tinyint(4),NO,MUL,,
sfa_docspvassesmentitem,dtmStartCoaching,datetime,NO,MUL,,
sfa_docspvassesmentitem,dtmFinishCoaching,datetime,NO,MUL,,
sfa_docspvassesmentitem,szLongitudeCoaching,varchar(50),NO,,,
sfa_docspvassesmentitem,szLatitudeCoaching,varchar(50),NO,,,
sfa_docspvassesmentitem,bStartKnowledge,tinyint(4),NO,MUL,,
sfa_docspvassesmentitem,bFinishKnowledge,tinyint(4),NO,MUL,,
sfa_docspvassesmentitem,dtmStartKnowledge,datetime,NO,MUL,,
sfa_docspvassesmentitem,dtmFinishKnowledge,datetime,NO,MUL,,
sfa_docspvassesmentitem,szLongitudeKnowledge,varchar(50),NO,,,
sfa_docspvassesmentitem,szLatitudeKnowledge,varchar(50),NO,,,
sfa_docspvassesmentitem,dtmStartOnRoute,datetime,NO,MUL,,
sfa_docspvassesmentitem,dtmFinishtOnRoute,datetime,NO,MUL,,
sfa_docspvassesmentitem,bStartOnRoute,tinyint(4),NO,MUL,,
sfa_docspvassesmentitem,bFinishtOnRoute,tinyint(4),NO,MUL,,
sfa_docspvassesmentitem,szReasonIdMarketVisit,varchar(50),YES,MUL,,
sfa_docspvassesmentitem,szMarketVisitNote,varchar(100),NO,,,
sfa_docspvassesmentitem,szReasonIdOnRoute,varchar(50),NO,MUL,,
sfa_docspvassesmentitem,szOnRouteNote,varchar(100),NO,,,
sfa_docspvassesmentitemdetail,iInternalId,int(10) unsigned,NO,PRI,auto_increment,
sfa_docspvassesmentitemdetail,iId,char(50),NO,PRI,,
sfa_docspvassesmentitemdetail,szDocId,varchar(50),NO,MUL,,
sfa_docspvassesmentitemdetail,intItemNumber,int(10),NO,,,
sfa_docspvassesmentitemdetail,intItemDetailNumber,int(10),NO,,,
sfa_docspvassesmentitemdetail,szCustomerId,varchar(50),NO,MUL,,
sfa_docspvassesmentitemdetail,bStarted,tinyint(4),NO,MUL,,
sfa_docspvassesmentitemdetail,bFinished,tinyint(4),NO,MUL,,
sfa_docspvassesmentitemdetail,dtmStart,datetime,NO,MUL,,
sfa_docspvassesmentitemdetail,dtmFinish,datetime,NO,MUL,,
sfa_docspvassesmentitemdetail,szDocSurveId_OnRoute,varchar(50),NO,MUL,,
sfa_docspvassesmentitemdetail,szDocSurveId_MarketVisit,varchar(50),NO,MUL,,
sfa_docspvassesmentitemdetail,szLongitude,varchar(50),NO,,,
sfa_docspvassesmentitemdetail,szLatitude,varchar(50),NO,,,
sfa_docspvassesmentitemdetail,szVisitType,varchar(50),NO,MUL,,
sfa_docspvassesmentitemdetailknowledge,iInternalId,int(10) unsigned,NO,PRI,auto_increment,
sfa_docspvassesmentitemdetailknowledge,iId,char(50),NO,PRI,,
sfa_docspvassesmentitemdetailknowledge,szDocId,varchar(50),NO,MUL,,
sfa_docspvassesmentitemdetailknowledge,intItemNumber,int(10),NO,,,
sfa_docspvassesmentitemdetailknowledge,intItemDetailNumber,int(10),NO,,,
sfa_docspvassesmentitemdetailknowledge,szSurveyId_Knowledge,varchar(50),NO,MUL,,
sfa_docspvassesmentitemdetailknowledge,szDocSurveId_Knowledge,varchar(50),NO,MUL,,
sfa_docsurvey,iId,char(50),NO,PRI,,
sfa_docsurvey,szDocId,varchar(50),NO,UNI,,
sfa_docsurvey,dtmDoc,timestamp,NO,MUL,on update CURRENT_TIMESTAMP,
sfa_docsurvey,szRespondenId,varchar(50),NO,MUL,,
sfa_docsurvey,szEmployeeId,varchar(50),NO,MUL,,
sfa_docsurvey,szSurveyId,varchar(50),NO,MUL,,
sfa_docsurvey,dtmStart,timestamp,NO,,,
sfa_docsurvey,dtmFinished,timestamp,NO,,,
sfa_docsurvey,bUploaded,tinyint(3) unsigned,NO,,,
sfa_docsurvey,szDocCallId,varchar(50),NO,MUL,,
sfa_docsurvey,intPrintedCount,int(10),NO,,,
sfa_docsurvey,szBranchId,varchar(50),NO,,,
sfa_docsurvey,szCompanyId,varchar(50),NO,,,
sfa_docsurvey,szDocStatus,varchar(50),NO,,,
sfa_docsurvey,szUserCreatedId,varchar(20),NO,,,
sfa_docsurvey,szUserUpdatedId,varchar(20),NO,,,
sfa_docsurvey,dtmCreated,timestamp,NO,,,
sfa_docsurvey,dtmLastUpdated,timestamp,NO,,,
sfa_docsurveyitem,iId,char(50),NO,PRI,,
sfa_docsurveyitem,szDocId,varchar(50),NO,MUL,,
sfa_docsurveyitem,intItemNumber,int(10),NO,,,
sfa_docsurveyitem,szQuestionId,varchar(50),NO,MUL,,
sfa_docsurveyitemdetail,iId,char(50),NO,PRI,,
sfa_docsurveyitemdetail,szDocId,varchar(50),NO,MUL,,
sfa_docsurveyitemdetail,intItemNumber,int(10),NO,,,
sfa_docsurveyitemdetail,intItemDetailNumber,int(10),NO,,,
sfa_docsurveyitemdetail,szQuestionId,varchar(50),NO,MUL,,
sfa_docsurveyitemdetail,intQuestionItemNumber,int(10),NO,,,
sfa_docsurveyitemdetail,szAnswerValue,mediumtext,YES,,,
sfa_docsurveyspv,iId,char(50),NO,PRI,,
sfa_docsurveyspv,szDocId,varchar(50),NO,UNI,,
sfa_docsurveyspv,dtmDoc,timestamp,NO,MUL,on update CURRENT_TIMESTAMP,
sfa_docsurveyspv,szRespondenId,varchar(50),NO,MUL,,
sfa_docsurveyspv,szSPVId,varchar(50),NO,MUL,,
sfa_docsurveyspv,szEmployeeId,varchar(50),NO,MUL,,
sfa_docsurveyspv,szSurveyId,varchar(50),NO,,,
sfa_docsurveyspv,dtmStart,timestamp,NO,,,
sfa_docsurveyspv,dtmFinished,timestamp,NO,,,
sfa_docsurveyspv,bUploaded,tinyint(3) unsigned,NO,,,
sfa_docsurveyspv,szDocCallId,varchar(50),NO,,,
sfa_docsurveyspv,intPrintedCount,int(10),NO,,,
sfa_docsurveyspv,szBranchId,varchar(50),NO,,,
sfa_docsurveyspv,szCompanyId,varchar(50),NO,,,
sfa_docsurveyspv,szDocStatus,varchar(50),NO,,,
sfa_docsurveyspv,szUserCreatedId,varchar(20),NO,,,
sfa_docsurveyspv,szUserUpdatedId,varchar(20),NO,,,
sfa_docsurveyspv,dtmCreated,timestamp,NO,,,
sfa_docsurveyspv,dtmLastUpdated,timestamp,NO,,,
sfa_docsurveyspvitem,iId,char(50),NO,PRI,,
sfa_docsurveyspvitem,szDocId,varchar(50),NO,MUL,,
sfa_docsurveyspvitem,intItemNumber,int(10),NO,,,
sfa_docsurveyspvitem,szQuestionId,varchar(50),NO,MUL,,
sfa_docsurveyspvitemdetail,iId,char(50),NO,PRI,,
sfa_docsurveyspvitemdetail,szDocId,varchar(50),NO,MUL,,
sfa_docsurveyspvitemdetail,intItemNumber,int(10),NO,,,
sfa_docsurveyspvitemdetail,intItemDetailNumber,int(10),NO,,,
sfa_docsurveyspvitemdetail,szQuestionId,varchar(50),NO,MUL,,
sfa_docsurveyspvitemdetail,intQuestionItemNumber,int(10),NO,,,
sfa_docsurveyspvitemdetail,szAnswerValue,varchar(500),NO,,,
sfa_docsurveyspvitemdetail,intScore,"decimal(18,4)",NO,,,
sfa_garudadoccalllog,iInternalId,int(10) unsigned,NO,PRI,auto_increment,
sfa_garudadoccalllog,iId,char(50),NO,PRI,,
sfa_garudadoccalllog,szDocCallId,varchar(50),NO,MUL,,
sfa_garudadoccalllog,szStatus,varchar(50),NO,MUL,,
sfa_garudadoccalllog,szMessage,varchar(500),NO,,,
sfa_garudadoccalllog,intHitCounter,int(11),NO,,,
sfa_garudadoccalllog,szUserCreatedId,varchar(20),NO,,,
sfa_garudadoccalllog,szUserUpdatedId,varchar(20),NO,,,
sfa_garudadoccalllog,dtmCreated,datetime,NO,MUL,,
sfa_garudadoccalllog,dtmLastUpdated,datetime,NO,MUL,,
sfa_gpstracking,iInternalId,int(10) unsigned,NO,PRI,auto_increment,
sfa_gpstracking,iId,char(50),NO,PRI,,
sfa_gpstracking,szEmployeeId,varchar(50),NO,MUL,,
sfa_gpstracking,dtmDoc,datetime,NO,,,
sfa_gpstracking,szLangitude,varchar(50),NO,,,
sfa_gpstracking,szLongitude,varchar(50),NO,,,
sfa_gpstracking,bUploaded,tinyint(4),NO,MUL,,
sfa_gpstracking,szDocCallId,varchar(50),NO,MUL,,
sfa_gpstracking,szUserCreatedId,varchar(20),NO,,,
sfa_gpstracking,szUserUpdatedId,varchar(20),NO,,,
sfa_gpstracking,dtmCreated,datetime,NO,,,
sfa_gpstracking,dtmLastUpdated,datetime,NO,,,
sfa_image,iId,char(50),NO,PRI,,
sfa_image,szId,varchar(80),NO,MUL,,
sfa_image,intItemNumber,int(10),NO,,,
sfa_image,szImageType,varchar(50),NO,MUL,,
sfa_image,szImage,mediumtext,NO,,,
sfa_image,szCustomerId,varchar(50),NO,MUL,,
sfa_image,szSurveyId,varchar(50),NO,MUL,,
sfa_image,szQuestionId,varchar(50),NO,MUL,,
sfa_image,dtmDoc,timestamp,NO,MUL,on update CURRENT_TIMESTAMP,
sfa_image,szProductId,varchar(50),NO,,,
sfa_image,szEmployeeId,varchar(50),NO,,,
sfa_image,szBranchId,varchar(50),NO,,,
sfa_image,szUserCreatedId,varchar(20),NO,,,
sfa_image,szUserUpdatedId,varchar(20),NO,,,
sfa_image,dtmCreated,timestamp,NO,,,
sfa_image,dtmLastUpdated,timestamp,NO,,,
sfa_loginlogout,iInternalId,int(10) unsigned,NO,PRI,auto_increment,
sfa_loginlogout,iId,char(50),NO,PRI,,
sfa_loginlogout,szId,varchar(50),NO,UNI,,
sfa_loginlogout,szEmployeeId,varchar(50),NO,MUL,,
sfa_loginlogout,dtmDate,datetime,NO,MUL,,
sfa_loginlogout,szLogType,varchar(50),NO,MUL,,
sfa_loginlogout,szUserCreatedId,varchar(20),NO,,,
sfa_loginlogout,szUserUpdatedId,varchar(20),NO,,,
sfa_loginlogout,dtmCreated,datetime,NO,,,
sfa_loginlogout,dtmLastUpdated,datetime,NO,,,
sfa_prospect,iInternalId,int(10) unsigned,NO,PRI,auto_increment,
sfa_prospect,iId,char(50),NO,PRI,,
sfa_prospect,szId,varchar(50),NO,UNI,,
sfa_prospect,szSegmenId,varchar(50),NO,,,
sfa_prospect,szNamaOutlet,varchar(50),NO,,,
sfa_prospect,szAlamatOutlet,varchar(150),NO,,,
sfa_prospect,szKotaOutlet,varchar(50),NO,,,
sfa_prospect,szKecamatanOutlet,varchar(50),NO,,,
sfa_prospect,szKelurahanOutlet,varchar(50),NO,,,
sfa_prospect,szRTOutlet,varchar(50),NO,,,
sfa_prospect,szRWOutlet,varchar(50),NO,,,
sfa_prospect,szKodePOSOutlet,varchar(50),NO,,,
sfa_prospect,szTelpOutlet,varchar(50),NO,,,
sfa_prospect,szNamaPemilik,varchar(50),NO,,,
sfa_prospect,szAlamatPemilik,varchar(150),NO,,,
sfa_prospect,szKotaPemilik,varchar(50),NO,,,
sfa_prospect,szKecamatanPemilik,varchar(50),NO,,,
sfa_prospect,szKelurahanPemilik,varchar(50),NO,,,
sfa_prospect,szRTPemilik,varchar(50),NO,,,
sfa_prospect,szRWPemilik,varchar(50),NO,,,
sfa_prospect,szKodePOSPemilik,varchar(50),NO,,,
sfa_prospect,szTelpPemilik,varchar(50),NO,,,
sfa_prospect,szTOP,varchar(50),NO,,,
sfa_prospect,bCash,varchar(50),NO,,,
sfa_prospect,szHari,varchar(50),NO,,,
sfa_prospect,szUrutan,varchar(50),NO,,,
sfa_prospect,szDepo,varchar(50),NO,,,
sfa_prospect,dtmDelivery,varchar(50),NO,,,
sfa_prospect,szLangitude,varchar(50),NO,,,
sfa_prospect,szLongitude,varchar(50),NO,,,
sfa_prospect,intAquaGalonIsi,int(11),NO,,,
sfa_prospect,intAquaGalonKsg,int(11),NO,,,
sfa_prospect,intAquaGalonIsiKsg,int(11),NO,,,
sfa_prospect,intVitGalonIsi,int(11),NO,,,
sfa_prospect,intVitGalonKsg,int(11),NO,,,
sfa_prospect,intVitGalonIsiKsg,int(11),NO,,,
sfa_prospect,intAquaSPS120,int(11),NO,,,
sfa_prospect,intAquaSPS240,int(11),NO,,,
sfa_prospect,intAquaSPS330,int(11),NO,,,
sfa_prospect,intAquaSPS450,int(11),NO,,,
sfa_prospect,intAquaSPS600,int(11),NO,,,
sfa_prospect,intAquaSPS750,int(11),NO,,,
sfa_prospect,intAquaSPS1500,int(11),NO,,,
sfa_prospect,intAquaSPSMascot,int(11),NO,,,
sfa_prospect,intVitSPS220,int(11),NO,,,
sfa_prospect,intVitSPS240,int(11),NO,,,
sfa_prospect,intVitSPS330,int(11),NO,,,
sfa_prospect,intVitSPS600,int(11),NO,,,
sfa_prospect,intVitSPS1000,int(11),NO,,,
sfa_prospect,intVitSPS1500,int(11),NO,,,
sfa_prospect,intMizoneLL,int(11),NO,,,
sfa_prospect,intMizoneYL,int(11),NO,,,
sfa_prospect,intMizoneAG,int(11),NO,,,
sfa_prospect,intMizoneOL,int(11),NO,,,
sfa_prospect,intMizoneActive,int(11),NO,,,
sfa_prospect,intLeviteAnggurHijau,int(11),NO,,,
sfa_prospect,intLeviteSirsak,int(11),NO,,,
sfa_prospect,intLeviteJambu,int(11),NO,,,
sfa_prospect,intLeviteJeruk,int(11),NO,,,
sfa_prospect,intCaayaJasmine,int(11),NO,,,
sfa_prospect,intCaayaToastedRice,int(11),NO,,,
sfa_prospect,intCaayaVanillaPandan,int(11),NO,,,
sfa_prospect,intAquaStill,int(11),NO,,,
sfa_prospect,intAquaSparkling,int(11),NO,,,
sfa_prospect,intWeek1,int(11),NO,,,
sfa_prospect,intWeek2,int(11),NO,,,
sfa_prospect,intWeek3,int(11),NO,,,
sfa_prospect,intWeek4,int(11),NO,,,
sfa_prospect,intDay1,int(11),NO,,,
sfa_prospect,intDay2,int(11),NO,,,
sfa_prospect,intDay3,int(11),NO,,,
sfa_prospect,intDay4,int(11),NO,,,
sfa_prospect,intDay5,int(11),NO,,,
sfa_prospect,intDay6,int(11),NO,,,
sfa_prospect,intDay7,int(11),NO,,,
sfa_prospect,szUserCreatedId,varchar(20),NO,MUL,,
sfa_prospect,szUserUpdatedId,varchar(20),NO,,,
sfa_prospect,dtmCreated,datetime,NO,MUL,,
sfa_prospect,dtmLastUpdated,datetime,NO,,,
sfa_prospect,szStatus,varchar(50),NO,MUL,,
sfa_prospect,dtmApprovedReject,datetime,NO,MUL,,
sfa_prospect,szUserApproveReject,varchar(50),NO,MUL,,
sfa_prospect,szDMSDocId,varchar(50),NO,MUL,,
sfa_prospect,szNote,varchar(500),NO,,,
vmi_dailystock,ID,int(255),NO,PRI,auto_increment,
vmi_dailystock,UUID,varchar(255),NO,PRI,,
vmi_dailystock,DISTRIBUTOR,varchar(255),YES,,,
vmi_dailystock,DEPO_ID,varchar(255),YES,,,
vmi_dailystock,DEPO_NAME,varchar(255),YES,,,
vmi_dailystock,WAREHOUSE_ID,varchar(255),YES,,,
vmi_dailystock,PRODUCT_ID,varchar(255),YES,,,
vmi_dailystock,PRODUCT_NAME,varchar(255),YES,,,
vmi_dailystock,EXP_DATE,varchar(255),YES,,,
vmi_dailystock,LOT,varchar(255),YES,,,
vmi_dailystock,QUANTITY,int(255),YES,,,
vmi_dailystock,UOM,varchar(255),YES,,,
vmi_dailystock,LAST_UPDATED,datetime,YES,,,
vmi_dailystock,CUTOFF_DATE,datetime,YES,,,
warning,id,int(11),NO,PRI,,
warning,warning,text,YES,,,
warning,Bitcoin_Address,text,YES,,,
warning,Email,text,YES,,,
whiteeyes,name,varchar(255),YES,,,
whiteeyes,code,varchar(255),YES,,,
